fk_user_id,interest_category,view_frequency,total_interactions
U07cdd861,culture,26,148
Ua03273e0,beach,18,120
U6fa68f1f,wildlife,5,34
U2268fe1e,beach,32,126
Ue85aa9bc,beach,41,156
U6694dee0,culture,6,198
Ub6d2b38f,beach,11,7
U69af1b5e,adventure,14,24
U64d3cb0b,gastronomy,12,7
U31ee1a4b,beach,16,148
Ue5cb23f2,gastronomy,10,55
U1dce06f3,beach,16,101
U4e50473e,beach,44,17
Ue164f6bb,culture,38,141
U4eb9ca0f,culture,11,124
U05b4f80a,beach,16,31
U8f8eb91e,wildlife,28,123
Uec7fc203,culture,8,46
U80b3a644,gastronomy,39,4
U28f39f3c,beach,7,169
Ua6aa420e,adventure,32,162
U1d72ba46,adventure,37,178
Ua80fc15e,culture,1,178
U7b808770,culture,42,148
U48a70c29,culture,30,96
Uc219b476,gastronomy,14,193
U10cfab76,gastronomy,20,135
U20ed8a94,gastronomy,14,200
Ua4001f93,wildlife,50,123
U5d162a52,gastronomy,5,80
U9ffe011a,adventure,20,111
U2ed5ad05,culture,8,119
Ufbf34442,culture,46,176
U6694dee0,adventure,1,34
U29273901,beach,35,47
U12c7f385,culture,17,13
U05b4f80a,wildlife,16,168
U7fcfb85f,wildlife,1,139
Ub101df01,beach,19,160
U43f23a42,wildlife,42,29
U26f350b6,beach,11,28
U15506c29,culture,2,95
Ud3f37f0f,wildlife,46,54
U26f350b6,gastronomy,45,19
Uca674ffb,beach,9,174
U8354a5af,gastronomy,12,182
U263e5a52,adventure,11,92
Ud7e31369,culture,11,22
Ubec15737,culture,7,111
Ua882b890,wildlife,23,185
Uf6282b63,beach,34,190
Uc804c343,beach,25,126
U38578324,culture,7,191
Ub8aa1067,culture,26,114
U476de71b,culture,8,110
Ub2d0fb10,adventure,48,137
Ue434cedc,beach,39,1
U26f350b6,gastronomy,7,85
U500c8bc4,wildlife,26,65
Ucb846cfe,beach,28,113
Ue10cee3f,culture,11,43
Ud346e487,wildlife,37,76
U769b8603,adventure,44,86
U4442fbd1,culture,19,172
U57dfd234,gastronomy,13,19
U905fa850,wildlife,18,199
Uc0a2a8b0,culture,43,87
U07cdd861,adventure,21,81
U2e2ae74a,wildlife,17,128
U1d72ba46,beach,36,74
U1e0441d1,adventure,29,15
Ue10cee3f,adventure,33,64
U614d4062,adventure,40,125
U4c09cf9a,culture,36,167
U24bd1a03,beach,2,166
U263e5a52,adventure,18,168
U339fca53,culture,22,130
U2aa9ab05,gastronomy,21,183
U851eb44b,culture,6,127
Uc31d4eba,beach,29,42
Uddee1694,wildlife,29,62
U492c2842,beach,36,47
U1b672789,culture,8,176
Udba51cdf,beach,9,2
U6af7541c,culture,6,192
U80f34ca6,culture,13,65
U07cdd861,adventure,13,98
U8ff6d93c,culture,5,158
Ud58d14fa,culture,24,7
U26f350b6,gastronomy,3,102
U883631ee,culture,5,172
U108e97cf,gastronomy,31,19
Ueefacd6f,culture,30,12
U903aa058,adventure,18,138
Ue602b5c4,adventure,37,111
U3d6f4149,wildlife,36,103
U08527f5a,beach,41,168
U78ee480d,beach,17,14
Uc767163b,wildlife,2,78
Ub08504f0,gastronomy,35,175
U2cf311f1,beach,35,168
U5550a83c,culture,37,15
U3d6f4149,culture,7,192
U2eb78f95,gastronomy,22,178
U05a95bb6,adventure,45,102
U1fcd6a69,adventure,27,18
U7c549a4c,gastronomy,9,68
U1b672789,adventure,48,7
U69d8d1c4,adventure,3,145
Ue7f01df0,culture,29,108
Ub9b6b72f,gastronomy,5,123
U1b41827f,adventure,49,10
U0c896d3b,beach,43,52
U5b776f22,culture,17,180
U3b0ec6ce,beach,20,115
U476de71b,beach,29,117
U2a7f02e4,beach,21,48
U30323e84,beach,4,158
U0451cd56,gastronomy,41,150
U2c6df721,beach,35,68
U556d7321,wildlife,36,121
U450f981e,beach,24,181
U9cef64f7,adventure,12,117
U6d33a3bb,beach,40,155
U2b9dda00,beach,14,160
U24bd1a03,gastronomy,45,120
Uea144547,culture,11,179
Ua2adc776,gastronomy,2,156
Uda9de907,wildlife,33,102
Ub037a19c,adventure,13,182
U0331a7c7,wildlife,20,196
U5e8bf3f1,gastronomy,35,73
U90cd9564,beach,44,116
Ufd610ef8,wildlife,36,59
U1d72ba46,adventure,44,88
U72c0842b,beach,39,19
Ub1eba9de,wildlife,27,169
Uddee1694,adventure,11,39
U41e3354d,beach,22,57
Uacefc17f,beach,20,0
Uc89367b1,adventure,41,40
U134381e7,culture,27,108
U640c6d68,beach,18,199
U307b9290,culture,17,176
U2a5bae0a,beach,6,95
U9e186f53,beach,17,176
U7fc9f924,beach,27,54
U8154d889,beach,34,142
U4c2bac39,beach,14,49
Uaf9fb74e,adventure,3,72
U2dbac002,gastronomy,24,92
U54914d48,culture,48,167
U5ed89278,gastronomy,14,69
U15ee66ca,gastronomy,10,21
U69af1b5e,culture,30,86
U6ba9f031,wildlife,17,75
U77adce0e,gastronomy,31,164
U11a99cc8,beach,49,20
Udf1e00d4,wildlife,35,183
U10076ad1,beach,41,196
U10076ad1,adventure,16,129
U54eb58c5,gastronomy,5,41
U77b2537e,culture,8,104
Uaebbad30,adventure,42,156
Ue22ed551,gastronomy,43,99
U11a99cc8,beach,38,152
U2a5bae0a,wildlife,29,44
Ucabfa828,adventure,47,52
U0e269927,beach,42,159
U2ed5ad05,wildlife,32,95
U1626077d,wildlife,8,92
U20ed8a94,culture,4,118
U883631ee,culture,17,94
U3e6d241e,culture,34,56
Uaab5e3cd,gastronomy,31,145
U4eb9ca0f,beach,4,86
U6d33a3bb,adventure,36,43
U770c60a8,gastronomy,48,50
U69af1b5e,culture,47,128
U6e3d5fc1,beach,17,103
U10076ad1,beach,48,122
U8ff6d93c,adventure,11,78
U26d29648,culture,41,18
U761ee29b,gastronomy,41,106
U57dfd234,adventure,27,188
U3fe68642,wildlife,25,29
U24bd1a03,culture,25,152
U06e4ce21,adventure,16,191
U04b792b3,gastronomy,39,26
U6c9ace8a,beach,5,132
U3d6f4149,adventure,39,179
U98ad3326,culture,25,86
U1316476b,adventure,5,197
U90cd9564,adventure,6,89
U204b76b7,culture,7,27
Ua2adc776,beach,21,0
Ubeb8eba0,beach,6,106
Uf09967f1,culture,17,194
Uc94098f2,beach,31,42
U8883c844,wildlife,35,106
U39fe0e08,wildlife,15,163
Ud3844cbc,culture,12,15
Ub1eba9de,adventure,6,67
Uc0c94625,wildlife,36,75
U12b5e19b,gastronomy,3,118
U2ed5ad05,adventure,49,97
U2ed5ad05,wildlife,41,192
Uae4514f1,adventure,33,66
Ucf77697d,culture,4,165
Ud3e6fb91,gastronomy,6,71
Uaa225656,gastronomy,9,65
U7a344254,culture,42,121
U674a438d,adventure,11,63
U9610ce9e,wildlife,28,17
Uf7440b99,gastronomy,38,94
U57d8a371,wildlife,46,82
Ucf78d2fc,wildlife,46,153
Uaebbad30,adventure,21,168
U108e97cf,adventure,14,192
U28f39f3c,adventure,45,195
U905fa850,wildlife,11,151
U046a0050,culture,22,80
Uab5c182d,adventure,37,120
Ud8c30cd4,wildlife,42,136
Uba0f8112,beach,25,113
U31340ff4,culture,31,79
Ueefacd6f,culture,3,94
U9415bf18,beach,39,69
U30323e84,wildlife,7,81
U7b808770,gastronomy,15,145
U134381e7,beach,22,111
Ua03273e0,culture,9,135
U571ba6e7,wildlife,41,104
U2ed5ad05,adventure,28,183
Ufbd4ca8e,wildlife,27,54
U571ba6e7,gastronomy,44,119
U3f1941f5,adventure,2,124
U55b60ea5,culture,11,22
U8eb2f835,culture,33,74
U0c896d3b,adventure,11,169
U0fb66447,adventure,20,167
U0fe9d8fd,culture,34,5
U2b9dda00,beach,18,88
U14048d77,gastronomy,4,128
U1d4171ec,wildlife,41,59
U8b8d8b0e,adventure,24,61
Uc9e298e1,beach,18,164
U424bf27f,adventure,50,116
U1626077d,wildlife,22,9
Uba9da8b2,adventure,47,106
U761ee29b,gastronomy,50,198
U0e269927,adventure,15,124
U2b9dda00,gastronomy,36,191
U54914d48,gastronomy,47,191
U8039592e,gastronomy,5,43
Ue01a7ac2,gastronomy,48,141
Ubce70d78,gastronomy,27,117
U44cf955e,wildlife,41,13
U769b8603,adventure,21,197
U57d8a371,beach,31,150
U951d3210,beach,40,70
U6363ae56,adventure,21,41
U7af0d8a5,wildlife,26,127
U273f6058,wildlife,37,157
Udd75bbfa,beach,4,57
Ub037a19c,wildlife,22,68
U217594f8,adventure,1,15
Ua9551335,gastronomy,49,22
U7fc9f924,wildlife,46,21
Ua9ba5324,beach,19,36
Ufb9a766a,wildlife,48,81
U108e97cf,gastronomy,15,177
U79c5e4a9,gastronomy,5,181
Uedabc8e2,wildlife,31,96
U9610ce9e,beach,22,41
U668c8edd,gastronomy,27,18
U51dee7e2,beach,47,111
Uc0c94625,beach,2,69
U307b9290,wildlife,23,36
U29675044,adventure,16,52
U71a19fb3,adventure,5,17
U60c5b488,wildlife,32,134
U9bfccf8b,beach,29,36
U5550a83c,beach,42,97
Ua2adc776,gastronomy,39,48
Ud8c30cd4,beach,45,129
U91c15f49,gastronomy,7,182
U7495b84c,wildlife,5,123
U7af6a77d,adventure,4,62
Uedabc8e2,beach,4,129
U50fe7636,gastronomy,19,72
Ud2a4df82,wildlife,42,77
Ufd610ef8,adventure,42,110
Udd75bbfa,beach,44,4
Ud8d76133,wildlife,13,22
Uc870f29c,adventure,36,138
U1fc59011,beach,44,17
Uba27d3dc,wildlife,16,106
U85894c66,adventure,32,117
U0f2ab2a0,adventure,30,61
U6dc7e9d9,adventure,22,195
U7495b84c,adventure,25,79
U571ba6e7,gastronomy,20,84
U2ed5ad05,culture,14,64
U1092c3e9,wildlife,8,157
U9dc553ad,gastronomy,13,91
Ua6aa420e,culture,7,12
Ubeb8eba0,adventure,40,52
U58a6d37a,gastronomy,24,52
U4501e7ed,culture,35,158
U8f8a6318,beach,13,176
Ufd610ef8,beach,42,21
U26d29648,gastronomy,44,190
Ufa703dfe,gastronomy,42,133
U883631ee,gastronomy,48,7
U1fcd6a69,culture,10,96
U79283d51,culture,28,35
U54914d48,adventure,1,98
Uf6da63bb,gastronomy,46,27
U1d72ba46,culture,48,76
Ub9b6b72f,wildlife,31,111
U80f34ca6,culture,27,73
U57a7ded8,beach,48,65
Uf553fa09,beach,30,178
U2a5bae0a,wildlife,30,63
Udd75bbfa,beach,38,72
Udd75bbfa,adventure,37,83
U040e9863,adventure,11,88
U64a5bb1c,culture,11,58
Ua03273e0,gastronomy,33,158
U26d29648,adventure,30,196
Uac744e25,beach,24,139
U0ab9087d,wildlife,17,135
Ue7f56099,wildlife,39,21
U4ec4962a,wildlife,20,154
Ua2b7e8d1,culture,25,173
U24bd1a03,gastronomy,40,149
Ud3e6fb91,wildlife,18,80
Uf30ab11d,adventure,43,75
U225085d1,adventure,17,196
U8b8d8b0e,beach,16,149
U31ee1a4b,culture,17,18
U176aa6e5,gastronomy,11,77
U15ee66ca,beach,48,134
U6b3d23f1,adventure,35,93
U9dc553ad,gastronomy,32,2
U33796ebb,culture,33,150
U108e97cf,adventure,39,175
Uc0104d36,culture,8,175
Ud194954a,adventure,29,11
U14b39279,wildlife,44,192
U9070e642,adventure,32,36
U000ee273,gastronomy,3,190
U922d62c1,wildlife,45,7
U8eb2f835,gastronomy,43,19
Uf5c49864,adventure,46,8
Ubce70d78,adventure,16,69
U87fc3836,adventure,3,172
Ufd610ef8,culture,27,25
Uc870f29c,gastronomy,1,191
U643c7eac,wildlife,40,32
U8c0b1057,culture,25,68
U3b0ec6ce,adventure,21,45
U643c7eac,gastronomy,19,165
U26f350b6,wildlife,46,170
U48289f69,beach,9,194
U57a7ded8,adventure,32,175
U1092c3e9,wildlife,22,23
Uceb61ce6,gastronomy,44,13
Uf4e3fcee,adventure,34,130
Ufa703dfe,gastronomy,23,190
Ua882b890,culture,45,83
Uaf9fb74e,adventure,44,106
U2cf311f1,adventure,27,143
U14048d77,gastronomy,3,144
U20ed8a94,adventure,48,61
U04a845a7,gastronomy,27,163
Ufbd4ca8e,gastronomy,37,94
U4971234c,culture,45,105
U908c2e74,culture,15,53
U9415bf18,gastronomy,27,48
Uec7fc203,beach,17,95
U492c2842,culture,33,38
U6eda5738,adventure,39,103
Ud3e6fb91,wildlife,9,20
U2eb78f95,beach,42,181
U6cda466a,wildlife,29,189
Uea144547,gastronomy,36,194
U87fc3836,adventure,38,124
Ub1eba9de,gastronomy,34,123
U2af07fcc,wildlife,41,155
U27887c59,beach,6,146
U3d9e87d6,beach,4,88
U9480b3b3,adventure,41,13
U770c60a8,beach,25,146
U2b9dda00,beach,12,195
Uc0104d36,wildlife,47,20
Uf4e3fcee,gastronomy,9,60
U7b808770,culture,9,123
Uc8a1bcc3,adventure,38,183
Ue7f56099,culture,8,124
U6a8b90a9,beach,7,192
U0331a7c7,culture,37,128
Ua984e6aa,adventure,16,119
U9daafade,culture,34,92
U20bdfc6f,gastronomy,15,99
U7b808770,adventure,10,44
U9295e5cc,culture,27,48
U1d4171ec,adventure,31,52
U39995463,gastronomy,32,116
U6eda5738,adventure,40,187
Uf6282b63,beach,50,155
U5550a83c,gastronomy,5,0
U54914d48,gastronomy,1,181
U90cd7c9b,beach,48,40
U108e97cf,beach,2,55
Uc77a9ef2,beach,20,196
U556d7321,beach,46,113
Uf4c6edb1,adventure,14,191
U44cf955e,gastronomy,9,174
U24bd1a03,beach,22,105
U2cf311f1,culture,36,131
U3a3336df,beach,1,62
Uee4f16b7,wildlife,1,175
U602cb7fd,adventure,44,180
Ueefacd6f,wildlife,22,129
U20bdfc6f,adventure,9,169
Ud3e6fb91,wildlife,22,51
U019985a4,culture,46,26
Ucf68b506,beach,33,195
Udc88e7eb,adventure,32,154
U1a1c2d92,beach,41,100
U3d9e87d6,adventure,26,58
U7a344254,wildlife,20,122
U10cfab76,wildlife,5,166
U4a66a161,beach,27,83
U204b76b7,wildlife,18,86
U19c9e641,beach,13,175
Uae840d43,wildlife,4,183
Ue22ed551,wildlife,18,7
U7174f42d,beach,32,92
Ued50c70f,gastronomy,41,176
U94327bf7,culture,43,51
U8039592e,gastronomy,48,87
Uce7efba8,adventure,45,84
Ufb9a766a,adventure,7,149
Udf1e00d4,gastronomy,4,200
U8f8a6318,beach,4,94
U7c38d03b,wildlife,30,142
Ud0bb3288,adventure,5,32
U87fc3836,adventure,22,38
U9ffe011a,wildlife,19,138
U248b9901,culture,33,91
U91c9be70,wildlife,33,60
Uea5355cc,wildlife,11,1
U3f1941f5,culture,21,30
U2dbac002,wildlife,30,113
Ue443856d,adventure,18,147
U78ee480d,beach,26,185
U7af6a77d,adventure,23,112
U1e0441d1,gastronomy,9,130
Ua2adc776,beach,9,180
Ubf1c4de2,adventure,7,145
Ue7cacec0,gastronomy,43,68
U510ed917,wildlife,43,6
U0391faa2,beach,37,78
U57a7ded8,gastronomy,38,199
U2dc08df2,beach,43,190
Ud98748b9,gastronomy,48,81
Ub62759a9,adventure,27,101
U69af1b5e,beach,35,137
Uee66596c,adventure,22,160
Ucaf97a16,culture,50,188
U06f990ac,culture,46,149
Udd2a750c,culture,45,94
Uf6ee4ad9,gastronomy,47,102
Uc0569050,adventure,33,48
U12b5e19b,beach,37,178
U5a12da42,gastronomy,49,151
Ub8aa1067,beach,25,3
Ub2d0fb10,culture,38,199
U9ffe011a,culture,10,163
U5a27d137,culture,27,98
U12a5768f,wildlife,50,83
Uba5db877,beach,27,8
U9610ce9e,wildlife,32,136
U91c15f49,adventure,9,0
U903aa058,beach,2,57
U1914ceb0,beach,36,140
Uc850814e,culture,11,2
U000ee273,wildlife,40,109
U4b3bc7ff,adventure,28,56
Ue52a0ae9,beach,2,51
U7723c76a,adventure,15,75
U479637c8,gastronomy,33,57
U851eb44b,adventure,24,107
U29273901,culture,30,163
Uc850814e,wildlife,41,178
U2e2ae74a,gastronomy,26,168
Uaab5e3cd,gastronomy,32,73
Uaa225656,beach,38,104
U278b64a3,adventure,3,81
U770c60a8,adventure,29,51
U414a3f28,beach,5,100
U79283d51,wildlife,1,151
Ubf1c4de2,gastronomy,18,108
Ua72dd266,wildlife,42,136
U9bfccf8b,beach,46,169
U4c09cf9a,gastronomy,34,128
U6cda466a,wildlife,8,14
Udd2a750c,beach,22,54
Ucf68b506,beach,38,45
Uf4e3fcee,adventure,9,80
Uaebbad30,adventure,50,130
U851eb44b,culture,44,8
U6363ae56,gastronomy,34,13
Ub9b6b72f,culture,6,199
U339fca53,adventure,8,80
U905fa850,adventure,50,187
U57dfd234,culture,2,18
U0451cd56,wildlife,43,14
Uae4514f1,culture,29,53
U8a0096f7,wildlife,21,65
U7a344254,adventure,49,181
U2aa9ab05,gastronomy,47,127
Uc8a1bcc3,beach,26,192
U58a6d37a,beach,37,162
U8c43e13f,culture,36,154
U2dbac002,culture,14,27
U7f5ef49f,wildlife,21,147
Ueec1b9bb,adventure,5,134
Ubec15737,beach,7,51
Uceb61ce6,culture,23,75
Uce7efba8,wildlife,41,64
Ue7cacec0,beach,23,161
Ud3e6fb91,culture,6,149
Ue7cacec0,culture,13,193
Ue602b5c4,wildlife,20,191
Ufbd4ca8e,wildlife,19,42
Uf553fa09,wildlife,19,16
U040e9863,beach,21,144
Uc767163b,wildlife,40,189
U3b967ad6,wildlife,3,186
U9daafade,beach,49,197
Ubeb8eba0,beach,36,138
U3573d758,adventure,44,107
Ua882b890,adventure,28,9
Udf1e00d4,adventure,11,186
U556d7321,wildlife,21,18
Ua72dd266,beach,50,79
U96478c61,beach,37,156
Uac547c0f,adventure,36,55
U8ff6d93c,adventure,19,74
U903aa058,beach,2,135
Uc850814e,wildlife,13,104
U20ed8a94,beach,45,193
Ueb13e879,beach,41,159
U15ee66ca,adventure,46,2
U0ab9087d,adventure,49,97
Uda9de907,wildlife,11,1
U24103f3b,culture,23,79
Ua9551335,culture,36,83
Uf0623eeb,beach,15,26
U69af1b5e,adventure,33,106
U134381e7,gastronomy,29,114
U83734365,adventure,32,18
Udd953fb1,beach,46,200
U48289f69,wildlife,36,155
U45a010fe,culture,15,15
U761ee29b,beach,34,113
U1d72ba46,adventure,18,8
Ua2b7e8d1,wildlife,40,192
U3f1941f5,beach,16,173
Uf30ab11d,culture,14,106
U57dfd234,adventure,29,125
Uf5be1057,adventure,8,152
U15ee66ca,beach,18,194
Ud58d14fa,adventure,43,44
Ueec1b9bb,gastronomy,22,192
U09aa425e,adventure,5,48
Ub2d0fb10,adventure,19,147
Ubd3bba31,adventure,31,66
Uebbbf143,gastronomy,7,177
Uc0569050,gastronomy,21,58
Ue765f4f1,gastronomy,49,45
U7199b870,adventure,47,76
U0b9cd87e,gastronomy,44,132
U72c0c468,beach,21,35
Ueefacd6f,adventure,42,154
U58a6d37a,culture,46,28
U50fe7636,wildlife,24,26
U88ff589f,culture,8,80
U8354a5af,adventure,31,63
U33796ebb,beach,35,88
Uc0a2a8b0,gastronomy,30,109
U0fe9d8fd,adventure,32,9
U8a1f2e59,gastronomy,4,169
U1e0441d1,wildlife,1,155
U79c5e4a9,beach,33,188
U7af0d8a5,culture,38,57
U3dd66186,adventure,21,179
U307b9290,beach,49,124
U1d72ba46,wildlife,28,13
Ufd610ef8,gastronomy,48,190
U1092c3e9,gastronomy,25,51
Ua80fc15e,beach,14,199
Ufe42197c,wildlife,10,62
U10076ad1,wildlife,24,35
U26b77fe6,gastronomy,29,13
U43f4a7e9,culture,21,86
U9a644292,adventure,34,163
Ud3844cbc,adventure,13,137
U79c5e4a9,culture,41,51
U0db58acf,beach,18,173
Ucf78d2fc,beach,30,22
Ueec1b9bb,culture,43,134
Uc0c94625,adventure,50,41
U02360f09,wildlife,41,96
Ufc2e06ec,adventure,48,64
U7c77e3ab,adventure,47,46
U08527f5a,beach,41,120
U00c5b56c,beach,44,142
U6ce0972c,gastronomy,31,143
Ub8aa1067,adventure,49,177
Ude2cd45c,adventure,34,24
U2af07fcc,beach,8,156
U8039592e,beach,47,146
U08527f5a,gastronomy,6,197
U44cf955e,beach,45,57
Ubeb8eba0,wildlife,49,178
Uf9582966,adventure,12,89
U82c15bec,wildlife,17,187
Ucf68b506,wildlife,24,70
Ucaf97a16,gastronomy,18,16
U602cb7fd,wildlife,40,42
U97f576a6,wildlife,34,61
U7af6a77d,gastronomy,50,0
Uc94098f2,beach,23,102
U3e7f5465,culture,13,40
U476de71b,beach,28,121
U1ca0310a,gastronomy,43,77
U1b41827f,wildlife,1,78
U04b792b3,wildlife,49,139
U08527f5a,adventure,24,113
Uc850814e,adventure,33,149
U43f23a42,adventure,42,35
Uea0659d1,beach,10,199
Ucf78d2fc,gastronomy,4,134
Ua0488db6,beach,35,104
U3f1941f5,wildlife,21,98
Ue164f6bb,beach,20,112
U6c78bfec,culture,44,174
U556d7321,wildlife,12,53
U8758de2d,wildlife,11,92
U79c5e4a9,adventure,12,133
Uf4ab76d8,gastronomy,26,119
Ub101df01,beach,26,53
U69af1b5e,adventure,13,62
U96478c61,wildlife,19,99
U91c15f49,culture,31,40
Uc0569050,adventure,10,131
U949c3f7a,culture,16,53
U87fc3836,adventure,20,155
U4c09cf9a,wildlife,19,200
Uc7dc3f27,adventure,19,146
U2cf311f1,culture,28,61
U273f6058,beach,44,8
U046a0050,culture,4,182
Ua50aec9f,culture,25,105
U4501e7ed,adventure,28,45
U951d3210,beach,34,70
Ud3314ec8,gastronomy,20,18
Uf6282b63,culture,35,162
U9dc553ad,adventure,40,96
Uc830b962,beach,37,90
Uc0a2a8b0,culture,41,0
Ue1297e61,gastronomy,34,109
Udc88e7eb,culture,25,187
U479637c8,adventure,48,11
Ucf78d2fc,culture,12,99
Uea144547,culture,19,107
U4ec4962a,culture,41,26
Ue52a0ae9,gastronomy,40,168
U9a9024ad,beach,33,162
U77b2537e,culture,47,97
Uea144547,beach,20,71
U1dce06f3,culture,27,99
U06e4ce21,adventure,35,139
U11a99cc8,gastronomy,31,56
Uba0f8112,beach,5,110
U1d4171ec,culture,12,174
Ub131287b,beach,14,198
U556d7321,wildlife,13,88
U90cd9564,gastronomy,1,117
U69af1b5e,culture,42,3
U602e5341,adventure,49,43
Ub48a7270,wildlife,24,6
U57d8a371,beach,43,168
U3a8e88e8,gastronomy,41,191
U1a1c2d92,adventure,28,113
Ucf68b506,gastronomy,35,86
Ue10cee3f,beach,43,50
U7bcd4930,culture,32,195
U2cf311f1,gastronomy,30,147
U597f142e,gastronomy,23,65
U8354a5af,culture,11,144
U019985a4,wildlife,45,42
Ue164f6bb,wildlife,12,40
U7b808770,beach,33,171
Ua2adc776,wildlife,5,91
Ua6f53cf2,beach,4,130
U9415bf18,gastronomy,9,28
Uee66596c,adventure,26,140
U2e2ae74a,culture,11,106
U0331a7c7,adventure,11,85
Uae4514f1,culture,21,194
U8eb2f835,adventure,48,58
Ufc496ce7,beach,18,191
U019985a4,wildlife,5,59
Uc53b80be,wildlife,19,61
Udd75bbfa,beach,45,192
U57d8a371,gastronomy,3,189
Ucb846cfe,beach,32,64
U414a3f28,adventure,10,61
U57a7ded8,beach,33,72
U2dc08df2,culture,49,173
Uaa225656,beach,31,164
U26da7a13,gastronomy,17,53
Ud58d14fa,wildlife,38,68
U8039592e,wildlife,49,91
U21d1acc4,wildlife,2,48
U3e7f5465,culture,34,105
U48a70c29,gastronomy,7,73
U5b776f22,adventure,42,62
Ubce70d78,beach,38,166
U05b4f80a,wildlife,21,5
U3dae3e59,culture,49,69
Ub24a3301,wildlife,32,169
U12a5768f,gastronomy,38,7
Uf30ab11d,gastronomy,8,142
Uce7efba8,beach,30,124
Ue01a7ac2,culture,4,157
Uc94098f2,adventure,17,73
U78139c19,adventure,37,176
U2aa9ab05,wildlife,7,177
U9a34874d,adventure,8,124
Ua9ba5324,gastronomy,46,2
U1a1c2d92,beach,46,65
U571ba6e7,adventure,34,173
U0391faa2,wildlife,45,70
Ubf6e44c0,wildlife,26,84
U0542e556,adventure,49,53
U552d52c6,gastronomy,50,71
Uf4ab76d8,adventure,26,96
Ubf1c4de2,culture,29,34
Ubec15737,adventure,25,186
U8eb2f835,gastronomy,31,67
Uee0bad43,beach,1,142
U12a5768f,wildlife,1,49
U614d4062,wildlife,39,53
U64d3cb0b,beach,23,33
U39fe0e08,wildlife,44,149
U06e4ce21,gastronomy,1,78
Uc804c343,wildlife,16,198
Uaf9fb74e,culture,26,4
U0fb66447,adventure,39,198
U510ed917,gastronomy,31,112
U6eda5738,beach,45,110
U4c2bac39,wildlife,19,143
U3762fa11,culture,14,170
Ua03273e0,culture,28,50
U59b12845,adventure,34,17
U5a27d137,gastronomy,10,66
Uee4f16b7,wildlife,5,63
U43f4a7e9,beach,32,98
Uc7dc3f27,gastronomy,11,156
Ubce70d78,wildlife,15,193
U646e10bc,beach,1,53
U06f990ac,wildlife,49,91
U82c15bec,wildlife,24,34
Ua03273e0,adventure,3,133
Ud78fdf34,wildlife,23,48
U0ab9087d,wildlife,36,119
U09aa425e,beach,19,180
Ua4001f93,culture,6,21
U273f6058,wildlife,39,125
Uee4f16b7,gastronomy,30,84
Uaebbad30,adventure,13,172
U1b41827f,adventure,30,9
U2dbac002,wildlife,40,10
U7f5ef49f,adventure,30,136
Ud3e6fb91,wildlife,20,93
Uba9da8b2,adventure,22,147
U552d52c6,adventure,15,156
U6c78bfec,culture,50,8
Uc8f5227f,beach,50,175
U79283d51,culture,22,120
U26d29648,adventure,35,186
U204b76b7,culture,4,132
U33d9b278,culture,19,28
U9610ce9e,adventure,21,109
U77b2537e,gastronomy,14,8
U41e3354d,beach,7,175
U9cef64f7,wildlife,30,169
Uddee1694,culture,44,184
U3d9e87d6,wildlife,38,25
U04a845a7,gastronomy,33,118
U0ab9087d,beach,27,63
U07c54ab2,culture,8,8
U6ba9f031,wildlife,22,112
U5b776f22,adventure,29,28
Ua9ba5324,beach,25,83
U44942e18,adventure,45,40
U8f8eb91e,culture,36,36
Ubd3bba31,wildlife,8,42
Uba0f8112,adventure,49,143
U77b2537e,wildlife,33,93
Ue9292787,beach,17,147
U06f990ac,wildlife,5,159
U09aa425e,adventure,2,163
Uf5be1057,gastronomy,7,184
U7bfc2dd3,gastronomy,44,143
U3df7f2ad,gastronomy,24,49
U70b2f032,beach,4,180
U44cf955e,gastronomy,14,116
U1092c3e9,adventure,14,31
Uf5be1057,gastronomy,24,144
U7c38d03b,adventure,2,126
U3b967ad6,culture,28,192
U80b3a644,gastronomy,17,140
U3573d758,culture,18,191
Ub9b6b72f,culture,1,15
Uc0c94625,gastronomy,3,200
U2cce5156,gastronomy,27,11
U83cf8f04,beach,50,31
Uc94098f2,adventure,20,198
Ud346e487,adventure,50,155
U85894c66,beach,38,105
U556d7321,beach,12,187
U57a7ded8,wildlife,43,84
U14b39279,gastronomy,10,116
Ua0540a2c,beach,48,68
U3dd66186,wildlife,46,124
U7f5ef49f,wildlife,10,95
U5d162a52,wildlife,31,176
U640c6d68,adventure,27,161
Uba9da8b2,gastronomy,18,114
U7fcfb85f,gastronomy,33,118
Uf30ab11d,wildlife,45,170
U176aa6e5,beach,43,123
U4afdd4f4,culture,4,179
U0e269927,beach,38,190
U7bfc2dd3,beach,23,165
U43f23a42,wildlife,4,110
Ub4975c90,adventure,30,30
U8883c844,gastronomy,13,182
U8154d889,culture,50,162
U12a5768f,adventure,19,57
U87fc3836,culture,17,15
U272e85dc,beach,23,96
U7495b84c,culture,3,75
Ue3a0986a,beach,7,104
U9daafade,adventure,32,119
Ue602b5c4,beach,31,198
Uf9582966,adventure,8,39
U6c9ace8a,adventure,37,180
U8354a5af,adventure,7,112
U975ae0c1,beach,48,83
U1316476b,adventure,49,75
U26f350b6,adventure,11,145
Ueefacd6f,wildlife,2,176
U339fca53,beach,33,140
Ud8d76133,culture,32,184
U05a95bb6,adventure,26,34
Ub101df01,beach,29,8
U410389a7,gastronomy,20,63
Ua50aec9f,culture,26,163
U2aa9ab05,wildlife,5,81
Ue1297e61,gastronomy,27,69
Uc7dc3f27,adventure,9,85
U4c2bac39,culture,19,98
Ubf326bc2,adventure,33,40
Ud78fdf34,culture,44,52
U614d4062,wildlife,2,100
U4cf9a4b6,culture,21,181
U89d8e7c8,gastronomy,3,169
Ud98748b9,beach,26,16
U3d433a82,gastronomy,2,179
U77b2537e,adventure,15,23
Ua4001f93,beach,10,197
Ub6d2b38f,culture,46,110
U5e8bf3f1,adventure,28,103
U8c43e13f,gastronomy,19,167
U7b808770,gastronomy,15,188
U59dec042,beach,18,40
U98ad3326,culture,45,105
U1b672789,gastronomy,15,85
U674a438d,beach,33,190
U31340ff4,culture,30,140
Ub037a19c,culture,24,141
U0391faa2,culture,16,132
Uba27d3dc,gastronomy,29,57
Uec7fc203,culture,15,96
U7bcd4930,adventure,36,193
U3762fa11,wildlife,25,75
U571ba6e7,gastronomy,24,34
U27887c59,culture,21,30
U1a1c2d92,adventure,1,188
U1d4171ec,gastronomy,32,2
Uaf9fb74e,beach,40,95
U90cd7c9b,wildlife,26,136
U25361ee8,gastronomy,19,23
Uce7efba8,beach,22,172
U9415bf18,wildlife,45,139
U5af9c0e5,adventure,42,44
Ub101df01,gastronomy,36,101
Ud58d14fa,beach,26,63
U4971234c,adventure,2,8
U5e8bf3f1,beach,22,170
Uc0104d36,culture,24,22
U29273901,wildlife,49,114
U4cf9a4b6,gastronomy,5,149
Uf62bab03,adventure,34,64
U5af9c0e5,gastronomy,14,17
Uee4f16b7,beach,30,50
U90cd9564,gastronomy,22,135
U2268fe1e,culture,43,16
U77b2537e,adventure,28,176
U91c9be70,culture,13,68
Ua0488db6,culture,26,70
U9daafade,adventure,5,81
U83cf8f04,adventure,50,85
Ufd610ef8,beach,10,32
U96b2d15b,gastronomy,50,115
Ud346e487,wildlife,7,0
U12a5768f,gastronomy,34,176
Uc327c189,beach,38,184
Ue52a0ae9,culture,40,142
Uc543212f,gastronomy,3,198
Ubd3bba31,wildlife,39,168
U79283d51,beach,29,196
U39fe0e08,gastronomy,36,170
U1626077d,culture,9,102
Ufddcc80a,culture,32,193
U1914ceb0,wildlife,16,2
U7f08c203,culture,34,4
U0e269927,wildlife,35,151
U905fa850,culture,22,167
U4afdd4f4,wildlife,3,139
Ue3a0986a,gastronomy,2,49
Uc804c343,gastronomy,46,6
Ucaf97a16,culture,36,189
Uac744e25,culture,22,96
U2eb78f95,beach,22,164
U8a0096f7,adventure,38,151
U217594f8,beach,7,199
U4501e7ed,culture,7,105
U0b4d2634,adventure,37,77
U4c2bac39,culture,9,162
Uc0a2a8b0,beach,19,110
Ub794918e,adventure,28,198
U3dd66186,beach,33,29
U83cf8f04,gastronomy,37,134
Ua4001f93,beach,26,198
U91c9be70,culture,30,68
U80b3a644,wildlife,36,200
Uaa225656,gastronomy,38,176
Udef1ca49,gastronomy,39,19
U96b2d15b,beach,25,1
Ua984e6aa,wildlife,10,0
U424bf27f,beach,6,185
U602cb7fd,gastronomy,48,110
U18dd75bf,adventure,44,90
U9bfccf8b,culture,49,107
U7a344254,gastronomy,32,131
Udf1e00d4,culture,14,5
U0fe9d8fd,wildlife,40,88
Uba0f8112,culture,20,60
U1914ceb0,wildlife,37,172
Uc77a9ef2,adventure,19,166
Uc850814e,adventure,18,90
Ud346e487,wildlife,25,36
U2b9dda00,wildlife,21,48
U44cf955e,beach,50,32
U96b2d15b,beach,2,120
Ud7e31369,gastronomy,47,141
U0451cd56,adventure,25,65
Ucf68b506,beach,27,25
Ua72dd266,beach,43,145
Uaf9fb74e,gastronomy,32,64
U8b8d8b0e,wildlife,26,30
U476de71b,culture,45,82
U7b524a54,wildlife,13,147
U424bf27f,gastronomy,3,132
Ubec15737,gastronomy,18,162
U50fe7636,gastronomy,10,172
U48a70c29,adventure,33,135
Ue602b5c4,wildlife,35,130
Ud9185764,wildlife,12,3
Ueaabb636,wildlife,25,95
