user_id,name,age,fk_gender_id,country,tourism_preferences,username,email,,registration_date
Uf9582966,João Neto,19,G003,Portugal,"culture, gastronomy",user0001,user0001@example.com,,2022-05-23
U2e2ae74a,João Neto,61,G001,Namibia,"history, art",user0002,user0002@example.com,,2022-02-02
U7b808770,Ana Silva,23,G002,Portugal,"wildlife, photography",user0003,user0003@example.com,,2023-09-09
U31ee1a4b,Ana Silva,53,G002,Namibia,"history, art",user0004,user0004@example.com,,2022-08-14
U1316476b,Ricardo Lopes,55,G003,Angola,"culture, gastronomy",user0005,user0005@example.com,,2023-12-16
U19c9e641,Laura Almeida,39,G003,Portugal,"culture, gastronomy",user0006,user0006@example.com,,2024-09-07
U57dfd234,Pedro Rocha,24,G001,Spain,"beach, nature",user0007,user0007@example.com,,2023-01-03
Ufbd4ca8e,Pedro Rocha,56,G003,Angola,"history, art",user0008,user0008@example.com,,2023-07-04
U96478c61,João Neto,42,G001,Namibia,"adventure, hiking",user0009,user0009@example.com,,2024-04-29
U6c7c248e,Tiago Martins,41,G002,Angola,"beach, nature",user0010,user0010@example.com,,2023-11-09
U8758de2d,Maria Santos,36,G001,Portugal,"beach, nature",user0011,user0011@example.com,,2023-01-25
U29675044,Inês Costa,47,G003,Portugal,"adventure, hiking",user0012,user0012@example.com,,2022-12-30
U00c5b56c,Maria Santos,60,G003,Angola,"wildlife, photography",user0013,user0013@example.com,,2023-10-13
U3a8e88e8,Carlos Mendes,52,G002,Portugal,"history, art",user0014,user0014@example.com,,2023-01-24
U07cdd861,Inês Costa,58,G002,Brazil,"beach, nature",user0015,user0015@example.com,,2022-08-23
U1a1c2d92,Ana Silva,38,G004,Brazil,"beach, nature",user0016,user0016@example.com,,2022-08-05
Uba27d3dc,Tiago Martins,63,G003,Portugal,"history, art",user0017,user0017@example.com,,2023-02-10
Ud2381c09,Ricardo Lopes,27,G003,Portugal,"culture, gastronomy",user0018,user0018@example.com,,2024-02-02
U90cd7c9b,Sofia Pinto,52,G003,Namibia,"history, art",user0019,user0019@example.com,,2024-07-08
U217594f8,Tiago Martins,43,G003,Portugal,"culture, gastronomy",user0020,user0020@example.com,,2023-06-06
Ud346e487,Ricardo Lopes,23,G001,Angola,"culture, gastronomy",user0021,user0021@example.com,,2023-10-05
U91c15f49,Carlos Mendes,61,G004,Namibia,"beach, nature",user0022,user0022@example.com,,2023-01-30
Uf09967f1,Laura Almeida,56,G004,Namibia,"adventure, hiking",user0023,user0023@example.com,,2024-09-21
U05b4f80a,Sofia Pinto,18,G001,Namibia,"adventure, hiking",user0024,user0024@example.com,,2024-02-27
U1fc59011,Pedro Rocha,25,G003,Spain,"culture, gastronomy",user0025,user0025@example.com,,2023-04-10
U4c09cf9a,Ana Silva,64,G003,Namibia,"culture, gastronomy",user0026,user0026@example.com,,2023-06-04
Uc94098f2,João Neto,58,G003,Namibia,"wildlife, photography",user0027,user0027@example.com,,2022-07-23
Udd75bbfa,Carlos Mendes,41,G002,Namibia,"wildlife, photography",user0028,user0028@example.com,,2024-07-29
U134381e7,Ana Silva,56,G003,Spain,"beach, nature",user0029,user0029@example.com,,2022-04-25
U8eb2f835,Pedro Rocha,37,G002,Angola,"culture, gastronomy",user0030,user0030@example.com,,2024-06-18
U307b9290,Tiago Martins,23,G001,Spain,"beach, nature",user0031,user0031@example.com,,2024-02-18
Ud0bb3288,Sofia Pinto,26,G002,Spain,"wildlife, photography",user0032,user0032@example.com,,2022-06-19
Ua5d7649d,Inês Costa,51,G004,Portugal,"wildlife, photography",user0033,user0033@example.com,,2024-02-13
U0551b034,Maria Santos,63,G003,Spain,"adventure, hiking",user0034,user0034@example.com,,2023-03-25
Ud3e6fb91,Sofia Pinto,46,G001,Portugal,"culture, gastronomy",user0035,user0035@example.com,,2022-03-07
Ufa703dfe,Pedro Rocha,19,G002,Namibia,"culture, gastronomy",user0036,user0036@example.com,,2022-01-08
U9a34874d,João Neto,63,G001,Portugal,"beach, nature",user0037,user0037@example.com,,2024-07-16
U1dce06f3,Ana Silva,39,G001,Namibia,"culture, gastronomy",user0038,user0038@example.com,,2022-10-13
Uc0a2a8b0,Ricardo Lopes,31,G002,Namibia,"wildlife, photography",user0039,user0039@example.com,,2023-04-30
U69af1b5e,Maria Santos,48,G004,Portugal,"beach, nature",user0040,user0040@example.com,,2022-04-10
Udc88e7eb,Laura Almeida,40,G004,Spain,"history, art",user0041,user0041@example.com,,2024-06-03
U2cf311f1,Ana Silva,61,G001,Angola,"history, art",user0042,user0042@example.com,,2024-01-16
U769b8603,Pedro Rocha,24,G002,Portugal,"culture, gastronomy",user0043,user0043@example.com,,2023-07-04
U7af6a77d,Ricardo Lopes,26,G004,Portugal,"adventure, hiking",user0044,user0044@example.com,,2023-04-19
Ud2a4df82,Maria Santos,22,G004,Namibia,"beach, nature",user0045,user0045@example.com,,2022-02-21
U78ee480d,Sofia Pinto,18,G001,Portugal,"culture, gastronomy",user0046,user0046@example.com,,2023-02-21
U6e3d5fc1,Ricardo Lopes,48,G002,Spain,"beach, nature",user0047,user0047@example.com,,2022-06-18
Uea0659d1,Laura Almeida,18,G004,Brazil,"history, art",user0048,user0048@example.com,,2022-10-20
Ucf68b506,Laura Almeida,62,G004,Portugal,"culture, gastronomy",user0049,user0049@example.com,,2022-10-31
U69d8d1c4,Maria Santos,21,G001,Brazil,"beach, nature",user0050,user0050@example.com,,2022-02-21
Ue5cb23f2,Tiago Martins,48,G002,Angola,"wildlife, photography",user0051,user0051@example.com,,2022-03-24
Uc850814e,Carlos Mendes,22,G001,Portugal,"history, art",user0052,user0052@example.com,,2022-05-03
U133191f1,Tiago Martins,33,G001,Namibia,"beach, nature",user0053,user0053@example.com,,2023-03-06
Uee0bad43,Tiago Martins,54,G003,Brazil,"culture, gastronomy",user0054,user0054@example.com,,2023-11-17
U12a5768f,Pedro Rocha,33,G003,Spain,"culture, gastronomy",user0055,user0055@example.com,,2023-11-19
Uc327c189,Inês Costa,47,G003,Angola,"beach, nature",user0056,user0056@example.com,,2023-04-15
U54eb58c5,Tiago Martins,54,G001,Angola,"wildlife, photography",user0057,user0057@example.com,,2022-08-07
Uac744e25,Sofia Pinto,34,G002,Brazil,"beach, nature",user0058,user0058@example.com,,2024-06-19
U5d162a52,Maria Santos,41,G003,Portugal,"history, art",user0059,user0059@example.com,,2024-05-03
U908c2e74,Sofia Pinto,63,G003,Namibia,"wildlife, photography",user0060,user0060@example.com,,2022-01-09
Uf0623eeb,Sofia Pinto,37,G001,Portugal,"adventure, hiking",user0061,user0061@example.com,,2022-04-29
Ue3a0986a,João Neto,65,G002,Brazil,"adventure, hiking",user0062,user0062@example.com,,2023-09-12
Uefed3f7a,Maria Santos,63,G003,Portugal,"adventure, hiking",user0063,user0063@example.com,,2023-06-02
Ud9185764,Ricardo Lopes,34,G001,Angola,"history, art",user0064,user0064@example.com,,2024-04-29
Uce7efba8,Inês Costa,20,G001,Brazil,"culture, gastronomy",user0065,user0065@example.com,,2023-10-15
U922d62c1,Inês Costa,28,G004,Namibia,"history, art",user0066,user0066@example.com,,2023-07-29
U0c896d3b,Ana Silva,25,G001,Portugal,"wildlife, photography",user0067,user0067@example.com,,2022-02-06
U72c0842b,Pedro Rocha,55,G002,Spain,"culture, gastronomy",user0068,user0068@example.com,,2022-02-12
Ud3844cbc,Inês Costa,41,G001,Brazil,"culture, gastronomy",user0069,user0069@example.com,,2023-11-30
U45a010fe,Maria Santos,60,G001,Brazil,"wildlife, photography",user0070,user0070@example.com,,2024-06-24
U0fb66447,Laura Almeida,57,G002,Portugal,"culture, gastronomy",user0071,user0071@example.com,,2024-09-26
Ubeb8eba0,Carlos Mendes,44,G001,Portugal,"adventure, hiking",user0072,user0072@example.com,,2024-03-12
U12b5e19b,Laura Almeida,60,G002,Brazil,"culture, gastronomy",user0073,user0073@example.com,,2024-03-17
U410389a7,João Neto,42,G001,Spain,"culture, gastronomy",user0074,user0074@example.com,,2022-07-24
U46ce8a90,Ricardo Lopes,40,G003,Portugal,"culture, gastronomy",user0075,user0075@example.com,,2022-01-25
Ud7e31369,Maria Santos,43,G003,Brazil,"beach, nature",user0076,user0076@example.com,,2024-09-17
U83cf8f04,Inês Costa,40,G004,Namibia,"adventure, hiking",user0077,user0077@example.com,,2024-08-19
Uc830b962,Ana Silva,25,G003,Portugal,"wildlife, photography",user0078,user0078@example.com,,2024-09-12
Ue7f01df0,Inês Costa,20,G001,Namibia,"history, art",user0079,user0079@example.com,,2022-12-20
U8039592e,Pedro Rocha,45,G001,Spain,"wildlife, photography",user0080,user0080@example.com,,2022-07-14
U80f34ca6,Inês Costa,20,G004,Angola,"wildlife, photography",user0081,user0081@example.com,,2024-08-05
U91c9be70,Sofia Pinto,61,G002,Brazil,"history, art",user0082,user0082@example.com,,2022-03-13
U9480b3b3,Pedro Rocha,57,G003,Angola,"adventure, hiking",user0083,user0083@example.com,,2023-06-04
Ucf77697d,Inês Costa,60,G004,Brazil,"history, art",user0084,user0084@example.com,,2023-12-15
U70def495,Inês Costa,53,G002,Portugal,"history, art",user0085,user0085@example.com,,2023-11-12
U64a5bb1c,Laura Almeida,61,G002,Namibia,"wildlife, photography",user0086,user0086@example.com,,2022-11-05
U57d8a371,Laura Almeida,53,G001,Brazil,"adventure, hiking",user0087,user0087@example.com,,2022-08-04
Ue01a7ac2,Laura Almeida,55,G003,Spain,"history, art",user0088,user0088@example.com,,2023-03-29
Ue22ed551,Maria Santos,50,G004,Portugal,"beach, nature",user0089,user0089@example.com,,2022-10-18
U10cfab76,Sofia Pinto,60,G003,Angola,"culture, gastronomy",user0090,user0090@example.com,,2023-11-20
U4eb9ca0f,Inês Costa,32,G002,Portugal,"beach, nature",user0091,user0091@example.com,,2022-02-17
U26f350b6,Maria Santos,48,G001,Spain,"history, art",user0092,user0092@example.com,,2024-06-26
U0ab9087d,Tiago Martins,30,G004,Spain,"history, art",user0093,user0093@example.com,,2022-09-07
U7e36bcab,Carlos Mendes,59,G001,Angola,"history, art",user0094,user0094@example.com,,2022-08-13
Ude2cd45c,Carlos Mendes,62,G004,Angola,"wildlife, photography",user0095,user0095@example.com,,2022-09-13
Uec7fc203,João Neto,47,G002,Spain,"wildlife, photography",user0096,user0096@example.com,,2023-07-27
U500c8bc4,Tiago Martins,38,G004,Namibia,"wildlife, photography",user0097,user0097@example.com,,2023-03-13
U1ca0310a,Sofia Pinto,46,G002,Spain,"history, art",user0098,user0098@example.com,,2022-09-23
U9295e5cc,Maria Santos,58,G003,Namibia,"history, art",user0099,user0099@example.com,,2023-10-04
U640c6d68,Maria Santos,35,G004,Angola,"adventure, hiking",user0100,user0100@example.com,,2022-08-29
U1d92b991,Inês Costa,39,G003,Namibia,"beach, nature",user0101,user0101@example.com,,2022-05-22
U94327bf7,Carlos Mendes,32,G004,Portugal,"culture, gastronomy",user0102,user0102@example.com,,2022-03-07
Uf62bab03,Laura Almeida,44,G003,Namibia,"history, art",user0103,user0103@example.com,,2023-03-02
Uedabc8e2,Ana Silva,31,G004,Spain,"wildlife, photography",user0104,user0104@example.com,,2024-08-26
Ud899326b,Ana Silva,54,G004,Spain,"beach, nature",user0105,user0105@example.com,,2024-08-23
U26d29648,Pedro Rocha,37,G004,Spain,"wildlife, photography",user0106,user0106@example.com,,2024-02-05
U4442fbd1,Sofia Pinto,56,G002,Spain,"culture, gastronomy",user0107,user0107@example.com,,2022-10-07
U7af0d8a5,Laura Almeida,49,G001,Spain,"adventure, hiking",user0108,user0108@example.com,,2023-11-16
Ue119375a,Laura Almeida,64,G002,Spain,"culture, gastronomy",user0109,user0109@example.com,,2023-09-30
U3404c5cc,Sofia Pinto,19,G004,Namibia,"wildlife, photography",user0110,user0110@example.com,,2023-11-10
Uc804c343,Ana Silva,23,G004,Portugal,"history, art",user0111,user0111@example.com,,2022-07-06
Ued50c70f,Ana Silva,34,G004,Brazil,"culture, gastronomy",user0112,user0112@example.com,,2023-04-11
Ubec15737,Pedro Rocha,39,G004,Brazil,"history, art",user0113,user0113@example.com,,2022-09-16
Uc870f29c,João Neto,48,G001,Namibia,"beach, nature",user0114,user0114@example.com,,2024-09-01
U674a438d,Pedro Rocha,32,G001,Angola,"beach, nature",user0115,user0115@example.com,,2024-08-30
U3e7f5465,Maria Santos,30,G001,Namibia,"culture, gastronomy",user0116,user0116@example.com,,2022-09-02
U9070e642,Carlos Mendes,48,G001,Namibia,"culture, gastronomy",user0117,user0117@example.com,,2023-04-22
U046a0050,Inês Costa,41,G002,Namibia,"wildlife, photography",user0118,user0118@example.com,,2024-09-13
U2aa9ab05,João Neto,28,G003,Angola,"wildlife, photography",user0119,user0119@example.com,,2022-01-27
Ue10cee3f,Inês Costa,54,G004,Spain,"culture, gastronomy",user0120,user0120@example.com,,2022-03-19
U4501e7ed,Tiago Martins,62,G002,Angola,"adventure, hiking",user0121,user0121@example.com,,2024-05-20
U3d433a82,Tiago Martins,25,G001,Brazil,"wildlife, photography",user0122,user0122@example.com,,2023-03-15
U20ed8a94,Pedro Rocha,22,G003,Angola,"history, art",user0123,user0123@example.com,,2024-04-22
U82c15bec,Ricardo Lopes,24,G004,Brazil,"history, art",user0124,user0124@example.com,,2023-12-26
Uda9de907,Carlos Mendes,45,G002,Namibia,"adventure, hiking",user0125,user0125@example.com,,2023-09-23
U424bf27f,Sofia Pinto,48,G004,Spain,"wildlife, photography",user0126,user0126@example.com,,2022-10-02
U4a66a161,Pedro Rocha,33,G001,Brazil,"history, art",user0127,user0127@example.com,,2022-09-07
Ufd610ef8,Ricardo Lopes,54,G004,Brazil,"beach, nature",user0128,user0128@example.com,,2023-05-22
U79283d51,Pedro Rocha,29,G004,Portugal,"adventure, hiking",user0129,user0129@example.com,,2024-03-27
Ucabfa828,Inês Costa,39,G003,Namibia,"adventure, hiking",user0130,user0130@example.com,,2023-07-24
U273f6058,Ana Silva,51,G002,Angola,"culture, gastronomy",user0131,user0131@example.com,,2024-01-08
U78139c19,Laura Almeida,49,G002,Spain,"history, art",user0132,user0132@example.com,,2023-04-04
U3dd66186,Ana Silva,23,G003,Portugal,"history, art",user0133,user0133@example.com,,2023-12-10
U770c60a8,Maria Santos,37,G003,Spain,"wildlife, photography",user0134,user0134@example.com,,2023-06-28
U71a19fb3,Pedro Rocha,45,G003,Brazil,"history, art",user0135,user0135@example.com,,2022-10-05
U6ba9f031,Inês Costa,34,G002,Angola,"culture, gastronomy",user0136,user0136@example.com,,2022-11-20
U90cd9564,João Neto,65,G002,Portugal,"culture, gastronomy",user0137,user0137@example.com,,2024-01-27
U1c5121bb,Ricardo Lopes,35,G003,Angola,"culture, gastronomy",user0138,user0138@example.com,,2022-10-31
U596c102d,Maria Santos,41,G002,Brazil,"beach, nature",user0139,user0139@example.com,,2023-12-27
Uaebbad30,Sofia Pinto,26,G003,Angola,"beach, nature",user0140,user0140@example.com,,2023-07-21
Ub131287b,Inês Costa,62,G002,Spain,"beach, nature",user0141,user0141@example.com,,2024-06-12
U2dbac002,Ana Silva,54,G003,Spain,"history, art",user0142,user0142@example.com,,2023-03-28
U26b77fe6,Pedro Rocha,29,G001,Brazil,"history, art",user0143,user0143@example.com,,2022-04-27
Ub2355921,João Neto,43,G004,Angola,"wildlife, photography",user0144,user0144@example.com,,2023-10-07
Uc8a1bcc3,Ana Silva,27,G002,Namibia,"adventure, hiking",user0145,user0145@example.com,,2022-03-29
U9ffe011a,Maria Santos,25,G004,Namibia,"wildlife, photography",user0146,user0146@example.com,,2024-03-20
U0fe9d8fd,Tiago Martins,32,G004,Spain,"history, art",user0147,user0147@example.com,,2022-11-01
U11a99cc8,Tiago Martins,45,G003,Namibia,"wildlife, photography",user0148,user0148@example.com,,2022-03-03
Uf6282b63,Tiago Martins,65,G001,Portugal,"culture, gastronomy",user0149,user0149@example.com,,2022-09-28
Ue164f6bb,João Neto,28,G002,Portugal,"wildlife, photography",user0150,user0150@example.com,,2022-03-18
U339fca53,Carlos Mendes,18,G004,Spain,"wildlife, photography",user0151,user0151@example.com,,2023-04-27
U2dc08df2,Inês Costa,20,G002,Brazil,"adventure, hiking",user0152,user0152@example.com,,2023-12-21
U225085d1,Ricardo Lopes,22,G002,Brazil,"wildlife, photography",user0153,user0153@example.com,,2023-11-09
U10076ad1,Maria Santos,45,G001,Namibia,"culture, gastronomy",user0154,user0154@example.com,,2023-10-26
Ud194954a,Carlos Mendes,35,G002,Angola,"beach, nature",user0155,user0155@example.com,,2022-06-19
Uf4c6edb1,Inês Costa,56,G003,Spain,"beach, nature",user0156,user0156@example.com,,2023-04-25
Ub9b6b72f,Inês Costa,62,G004,Brazil,"wildlife, photography",user0157,user0157@example.com,,2023-07-07
U07c54ab2,Ricardo Lopes,46,G001,Namibia,"beach, nature",user0158,user0158@example.com,,2024-06-29
Uc87f45fd,Laura Almeida,65,G003,Namibia,"adventure, hiking",user0159,user0159@example.com,,2022-01-27
U51dee7e2,João Neto,32,G001,Brazil,"wildlife, photography",user0160,user0160@example.com,,2022-02-11
U4971234c,Carlos Mendes,48,G004,Brazil,"culture, gastronomy",user0161,user0161@example.com,,2023-08-23
U883631ee,Laura Almeida,58,G004,Angola,"history, art",user0162,user0162@example.com,,2022-12-23
U97f576a6,Laura Almeida,39,G003,Angola,"culture, gastronomy",user0163,user0163@example.com,,2022-12-04
U1d72ba46,Laura Almeida,62,G004,Brazil,"history, art",user0164,user0164@example.com,,2024-04-13
U8b8d8b0e,Sofia Pinto,20,G004,Angola,"adventure, hiking",user0165,user0165@example.com,,2022-09-16
U0e269927,Pedro Rocha,25,G004,Namibia,"beach, nature",user0166,user0166@example.com,,2023-11-05
Uc97f575a,Sofia Pinto,47,G004,Angola,"culture, gastronomy",user0167,user0167@example.com,,2023-06-15
U55b60ea5,Pedro Rocha,57,G004,Spain,"beach, nature",user0168,user0168@example.com,,2022-07-28
U0dd5fe54,Inês Costa,53,G002,Brazil,"history, art",user0169,user0169@example.com,,2024-06-20
U9dc553ad,Ricardo Lopes,25,G001,Namibia,"culture, gastronomy",user0170,user0170@example.com,,2023-12-28
U3dae3e59,Carlos Mendes,37,G001,Namibia,"history, art",user0171,user0171@example.com,,2022-04-06
U9a9024ad,Maria Santos,25,G004,Angola,"culture, gastronomy",user0172,user0172@example.com,,2023-05-26
Uc9e298e1,Inês Costa,50,G003,Spain,"history, art",user0173,user0173@example.com,,2023-04-29
U43f4a7e9,Maria Santos,47,G002,Spain,"culture, gastronomy",user0174,user0174@example.com,,2024-08-01
Ucaf97a16,Tiago Martins,50,G002,Angola,"adventure, hiking",user0175,user0175@example.com,,2024-03-02
U7fc9f924,Laura Almeida,39,G003,Angola,"adventure, hiking",user0176,user0176@example.com,,2024-01-14
U6ce0972c,Inês Costa,55,G004,Portugal,"history, art",user0177,user0177@example.com,,2023-07-06
Uc0104d36,Ricardo Lopes,40,G003,Namibia,"wildlife, photography",user0178,user0178@example.com,,2023-01-22
U1d4171ec,Ricardo Lopes,38,G002,Portugal,"wildlife, photography",user0179,user0179@example.com,,2023-01-28
U3b0ec6ce,Maria Santos,44,G001,Brazil,"history, art",user0180,user0180@example.com,,2023-12-24
Ue602b5c4,Laura Almeida,42,G002,Spain,"beach, nature",user0181,user0181@example.com,,2022-05-10
U7199b870,Sofia Pinto,55,G003,Angola,"history, art",user0182,user0182@example.com,,2022-04-13
U571ba6e7,Sofia Pinto,47,G001,Portugal,"history, art",user0183,user0183@example.com,,2024-06-10
Ua2b7e8d1,Carlos Mendes,22,G004,Brazil,"adventure, hiking",user0184,user0184@example.com,,2023-10-01
U6af7541c,Laura Almeida,59,G001,Brazil,"wildlife, photography",user0185,user0185@example.com,,2023-01-25
Ud3314ec8,Pedro Rocha,58,G004,Namibia,"beach, nature",user0186,user0186@example.com,,2023-09-25
Uaf9fb74e,João Neto,33,G003,Portugal,"beach, nature",user0187,user0187@example.com,,2023-03-21
Uc97ee642,João Neto,58,G001,Spain,"culture, gastronomy",user0188,user0188@example.com,,2023-12-12
U0e0d22dd,Inês Costa,19,G001,Brazil,"beach, nature",user0189,user0189@example.com,,2022-10-28
U18dd75bf,Pedro Rocha,41,G004,Portugal,"culture, gastronomy",user0190,user0190@example.com,,2023-06-28
U8975997e,Laura Almeida,54,G002,Portugal,"culture, gastronomy",user0191,user0191@example.com,,2022-03-22
U6eda5738,Tiago Martins,42,G002,Spain,"wildlife, photography",user0192,user0192@example.com,,2022-05-27
U6b3d23f1,Maria Santos,47,G003,Spain,"adventure, hiking",user0193,user0193@example.com,,2023-11-14
Ueec1b9bb,Ana Silva,47,G003,Namibia,"culture, gastronomy",user0194,user0194@example.com,,2022-03-17
U15506c29,Ricardo Lopes,40,G003,Spain,"adventure, hiking",user0195,user0195@example.com,,2023-04-13
Uefbd5c07,Inês Costa,30,G004,Spain,"beach, nature",user0196,user0196@example.com,,2022-08-31
U5e8bf3f1,Laura Almeida,54,G003,Namibia,"adventure, hiking",user0197,user0197@example.com,,2023-12-18
U6c78bfec,Inês Costa,19,G004,Brazil,"beach, nature",user0198,user0198@example.com,,2023-08-03
U04a845a7,Ana Silva,56,G004,Brazil,"culture, gastronomy",user0199,user0199@example.com,,2023-09-14
U6a8b90a9,Pedro Rocha,32,G002,Namibia,"adventure, hiking",user0200,user0200@example.com,,2023-11-26
U7a344254,Carlos Mendes,58,G001,Angola,"adventure, hiking",user0201,user0201@example.com,,2024-03-18
U26da7a13,Ricardo Lopes,20,G003,Portugal,"beach, nature",user0202,user0202@example.com,,2024-07-20
U4b3bc7ff,Inês Costa,38,G004,Portugal,"culture, gastronomy",user0203,user0203@example.com,,2022-05-16
U9e186f53,Sofia Pinto,41,G003,Portugal,"adventure, hiking",user0204,user0204@example.com,,2024-07-24
U59b12845,Ricardo Lopes,36,G003,Angola,"history, art",user0205,user0205@example.com,,2024-09-13
U8154d889,João Neto,27,G002,Spain,"wildlife, photography",user0206,user0206@example.com,,2023-01-10
U7c38d03b,João Neto,43,G001,Brazil,"wildlife, photography",user0207,user0207@example.com,,2022-05-07
U83734365,Ricardo Lopes,41,G003,Namibia,"history, art",user0208,user0208@example.com,,2024-04-22
U05a95bb6,Pedro Rocha,24,G002,Spain,"beach, nature",user0209,user0209@example.com,,2023-09-27
U27887c59,Sofia Pinto,38,G002,Angola,"history, art",user0210,user0210@example.com,,2024-07-20
Ue434cedc,Inês Costa,59,G004,Angola,"culture, gastronomy",user0211,user0211@example.com,,2022-02-16
U1e0441d1,Ana Silva,37,G004,Angola,"beach, nature",user0212,user0212@example.com,,2022-08-29
Ufb9a766a,Sofia Pinto,26,G004,Spain,"adventure, hiking",user0213,user0213@example.com,,2023-11-18
Ua0488db6,Sofia Pinto,44,G002,Spain,"beach, nature",user0214,user0214@example.com,,2024-05-03
U4c2bac39,Ricardo Lopes,57,G004,Brazil,"beach, nature",user0215,user0215@example.com,,2023-12-08
U6fa68f1f,Pedro Rocha,31,G004,Spain,"culture, gastronomy",user0216,user0216@example.com,,2024-05-25
Uf4e3fcee,Pedro Rocha,24,G003,Namibia,"adventure, hiking",user0217,user0217@example.com,,2022-03-04
U3d9e87d6,Laura Almeida,35,G002,Angola,"history, art",user0218,user0218@example.com,,2022-04-04
U32358eef,Maria Santos,59,G001,Angola,"adventure, hiking",user0219,user0219@example.com,,2022-09-07
U6cda466a,Carlos Mendes,54,G002,Angola,"wildlife, photography",user0220,user0220@example.com,,2022-08-01
U975ae0c1,Tiago Martins,31,G002,Brazil,"culture, gastronomy",user0221,user0221@example.com,,2024-03-18
Ueaabb636,Tiago Martins,18,G003,Portugal,"culture, gastronomy",user0222,user0222@example.com,,2023-07-08
U31340ff4,Inês Costa,29,G001,Angola,"culture, gastronomy",user0223,user0223@example.com,,2022-01-16
U614d4062,Pedro Rocha,33,G003,Angola,"culture, gastronomy",user0224,user0224@example.com,,2022-09-29
Ud41bb782,Ana Silva,26,G004,Namibia,"beach, nature",user0225,user0225@example.com,,2024-02-03
Uf6da63bb,João Neto,48,G004,Brazil,"wildlife, photography",user0226,user0226@example.com,,2023-08-31
Ue52a0ae9,João Neto,46,G002,Namibia,"beach, nature",user0227,user0227@example.com,,2024-01-15
U2cce5156,Sofia Pinto,37,G004,Angola,"beach, nature",user0228,user0228@example.com,,2023-05-06
U04b792b3,Laura Almeida,45,G001,Spain,"history, art",user0229,user0229@example.com,,2022-03-17
Uc767163b,João Neto,38,G002,Angola,"culture, gastronomy",user0230,user0230@example.com,,2022-10-09
U263e5a52,Tiago Martins,58,G003,Spain,"wildlife, photography",user0231,user0231@example.com,,2023-06-28
Ue765f4f1,Inês Costa,47,G004,Angola,"beach, nature",user0232,user0232@example.com,,2024-05-23
Uddee1694,Sofia Pinto,64,G002,Spain,"history, art",user0233,user0233@example.com,,2024-06-28
U315c53d1,Maria Santos,44,G003,Spain,"history, art",user0234,user0234@example.com,,2023-03-02
Ub62759a9,João Neto,38,G004,Brazil,"adventure, hiking",user0235,user0235@example.com,,2023-01-19
U5a27d137,Carlos Mendes,61,G004,Angola,"beach, nature",user0236,user0236@example.com,,2024-05-01
Uf5c49864,João Neto,23,G004,Angola,"adventure, hiking",user0237,user0237@example.com,,2024-04-11
U1fcd6a69,Carlos Mendes,53,G001,Namibia,"wildlife, photography",user0238,user0238@example.com,,2023-07-30
U70b2f032,Pedro Rocha,60,G001,Spain,"adventure, hiking",user0239,user0239@example.com,,2024-06-13
Ua882b890,Laura Almeida,64,G001,Brazil,"wildlife, photography",user0240,user0240@example.com,,2022-11-16
U108e97cf,Pedro Rocha,24,G002,Portugal,"history, art",user0241,user0241@example.com,,2022-08-18
U24103f3b,João Neto,40,G003,Angola,"adventure, hiking",user0242,user0242@example.com,,2023-08-11
U41e3354d,Maria Santos,45,G001,Namibia,"adventure, hiking",user0243,user0243@example.com,,2022-01-30
U047cbfe0,Carlos Mendes,35,G003,Brazil,"adventure, hiking",user0244,user0244@example.com,,2022-01-07
U1ac61df0,Carlos Mendes,27,G004,Angola,"culture, gastronomy",user0245,user0245@example.com,,2024-01-29
U552d52c6,Ana Silva,23,G002,Spain,"history, art",user0246,user0246@example.com,,2023-04-10
U7c77e3ab,Pedro Rocha,28,G003,Brazil,"adventure, hiking",user0247,user0247@example.com,,2024-03-06
U29273901,Tiago Martins,56,G001,Angola,"culture, gastronomy",user0248,user0248@example.com,,2022-06-11
U85894c66,Tiago Martins,21,G001,Brazil,"history, art",user0249,user0249@example.com,,2023-11-09
U643c7eac,Laura Almeida,49,G004,Spain,"adventure, hiking",user0250,user0250@example.com,,2022-08-09
U278b64a3,Sofia Pinto,25,G003,Spain,"beach, nature",user0251,user0251@example.com,,2022-10-18
Uae840d43,Tiago Martins,49,G003,Angola,"culture, gastronomy",user0252,user0252@example.com,,2023-02-09
U25361ee8,Tiago Martins,21,G001,Portugal,"adventure, hiking",user0253,user0253@example.com,,2024-08-26
U9bfccf8b,Maria Santos,26,G003,Brazil,"adventure, hiking",user0254,user0254@example.com,,2022-05-03
Ue443856d,Ana Silva,49,G004,Portugal,"culture, gastronomy",user0255,user0255@example.com,,2023-01-25
Uab5c182d,Sofia Pinto,63,G002,Namibia,"wildlife, photography",user0256,user0256@example.com,,2024-05-03
U64d3cb0b,Pedro Rocha,22,G004,Angola,"history, art",user0257,user0257@example.com,,2022-01-20
U9cef64f7,Ricardo Lopes,22,G003,Namibia,"history, art",user0258,user0258@example.com,,2023-08-11
U476de71b,Laura Almeida,63,G004,Brazil,"beach, nature",user0259,user0259@example.com,,2023-02-19
Uea5355cc,Ana Silva,38,G002,Namibia,"history, art",user0260,user0260@example.com,,2024-05-01
U55621036,Pedro Rocha,23,G004,Angola,"culture, gastronomy",user0261,user0261@example.com,,2023-03-23
Ue1297e61,Tiago Martins,43,G001,Spain,"adventure, hiking",user0262,user0262@example.com,,2024-02-03
U9334fd11,Pedro Rocha,32,G003,Portugal,"beach, nature",user0263,user0263@example.com,,2023-06-07
Ufddcc80a,João Neto,51,G002,Brazil,"adventure, hiking",user0264,user0264@example.com,,2024-01-15
U31404b7f,Carlos Mendes,33,G001,Portugal,"adventure, hiking",user0265,user0265@example.com,,2022-07-22
U8a0096f7,Carlos Mendes,56,G002,Angola,"culture, gastronomy",user0266,user0266@example.com,,2024-09-01
U5550a83c,Ricardo Lopes,47,G004,Namibia,"wildlife, photography",user0267,user0267@example.com,,2022-11-27
Ud7fe54fc,Pedro Rocha,27,G004,Angola,"history, art",user0268,user0268@example.com,,2023-03-29
U556d7321,Inês Costa,35,G001,Brazil,"wildlife, photography",user0269,user0269@example.com,,2022-03-17
U60c5b488,Inês Costa,47,G004,Angola,"beach, nature",user0270,user0270@example.com,,2023-01-13
U67597c56,Inês Costa,22,G001,Namibia,"wildlife, photography",user0271,user0271@example.com,,2023-06-04
Uf5be1057,Laura Almeida,47,G001,Spain,"wildlife, photography",user0272,user0272@example.com,,2023-10-30
U72c0c468,Maria Santos,38,G004,Namibia,"culture, gastronomy",user0273,user0273@example.com,,2024-09-07
U8ff6d93c,Ana Silva,46,G001,Brazil,"beach, nature",user0274,user0274@example.com,,2023-06-01
Uc543212f,Carlos Mendes,20,G002,Spain,"history, art",user0275,user0275@example.com,,2023-06-21
Ucbe74e15,Sofia Pinto,57,G002,Brazil,"adventure, hiking",user0276,user0276@example.com,,2024-07-28
Ufe42197c,Inês Costa,42,G004,Brazil,"wildlife, photography",user0277,user0277@example.com,,2022-02-23
U5c80c538,Pedro Rocha,22,G003,Angola,"wildlife, photography",user0278,user0278@example.com,,2023-11-26
U79c5e4a9,Laura Almeida,36,G003,Namibia,"culture, gastronomy",user0279,user0279@example.com,,2022-12-08
Uca674ffb,João Neto,55,G002,Brazil,"adventure, hiking",user0280,user0280@example.com,,2024-09-17
Udba51cdf,Laura Almeida,26,G001,Brazil,"wildlife, photography",user0281,user0281@example.com,,2023-01-21
U8f8eb91e,Pedro Rocha,26,G001,Spain,"wildlife, photography",user0282,user0282@example.com,,2023-01-06
U6694dee0,Ana Silva,41,G003,Portugal,"culture, gastronomy",user0283,user0283@example.com,,2022-12-16
Ub1eba9de,Ricardo Lopes,30,G002,Portugal,"culture, gastronomy",user0284,user0284@example.com,,2022-03-21
U5b776f22,Inês Costa,24,G001,Brazil,"wildlife, photography",user0285,user0285@example.com,,2022-05-15
U8883c844,Tiago Martins,42,G002,Portugal,"culture, gastronomy",user0286,user0286@example.com,,2024-05-01
Ua9551335,Tiago Martins,28,G004,Angola,"history, art",user0287,user0287@example.com,,2023-01-09
U57a7ded8,Maria Santos,46,G003,Spain,"culture, gastronomy",user0288,user0288@example.com,,2023-07-01
U6363ae56,Maria Santos,37,G004,Portugal,"adventure, hiking",user0289,user0289@example.com,,2023-11-26
U1b672789,Tiago Martins,46,G004,Brazil,"history, art",user0290,user0290@example.com,,2023-05-30
U77adce0e,Sofia Pinto,44,G002,Portugal,"wildlife, photography",user0291,user0291@example.com,,2022-05-22
Ueb13e879,Inês Costa,21,G004,Brazil,"wildlife, photography",user0292,user0292@example.com,,2024-08-14
U2af07fcc,João Neto,63,G001,Brazil,"beach, nature",user0293,user0293@example.com,,2024-02-21
U58a6d37a,Carlos Mendes,35,G004,Namibia,"culture, gastronomy",user0294,user0294@example.com,,2024-04-30
U7f5ef49f,Laura Almeida,23,G002,Spain,"adventure, hiking",user0295,user0295@example.com,,2024-08-10
U98dedc97,Ana Silva,44,G001,Spain,"wildlife, photography",user0296,user0296@example.com,,2023-01-18
Ufc2e06ec,Maria Santos,42,G001,Brazil,"culture, gastronomy",user0297,user0297@example.com,,2022-01-29
U204b76b7,Pedro Rocha,24,G003,Portugal,"culture, gastronomy",user0298,user0298@example.com,,2022-02-09
U14048d77,Inês Costa,48,G002,Spain,"history, art",user0299,user0299@example.com,,2023-09-23
U7c549a4c,Ana Silva,23,G001,Brazil,"culture, gastronomy",user0300,user0300@example.com,,2024-05-05
U9415bf18,Carlos Mendes,53,G004,Angola,"adventure, hiking",user0301,user0301@example.com,,2022-09-01
U5af9c0e5,Inês Costa,25,G001,Portugal,"history, art",user0302,user0302@example.com,,2023-10-17
U4ec4962a,Tiago Martins,47,G001,Angola,"history, art",user0303,user0303@example.com,,2023-09-04
Udd953fb1,Sofia Pinto,19,G002,Portugal,"adventure, hiking",user0304,user0304@example.com,,2023-03-16
Uf6ee4ad9,Ana Silva,57,G003,Portugal,"wildlife, photography",user0305,user0305@example.com,,2023-03-03
Ud58d14fa,Carlos Mendes,60,G001,Namibia,"adventure, hiking",user0306,user0306@example.com,,2022-03-11
Uf4ab76d8,Sofia Pinto,52,G001,Spain,"history, art",user0307,user0307@example.com,,2022-02-14
U414a3f28,Laura Almeida,41,G003,Angola,"adventure, hiking",user0308,user0308@example.com,,2024-03-18
Ue85aa9bc,João Neto,40,G002,Angola,"wildlife, photography",user0309,user0309@example.com,,2024-01-23
U248b9901,Pedro Rocha,26,G001,Brazil,"wildlife, photography",user0310,user0310@example.com,,2022-12-13
U0331a7c7,Carlos Mendes,61,G004,Spain,"culture, gastronomy",user0311,user0311@example.com,,2024-04-10
U905fa850,Carlos Mendes,22,G004,Angola,"adventure, hiking",user0312,user0312@example.com,,2022-07-26
U42d431ec,Ana Silva,30,G001,Brazil,"adventure, hiking",user0313,user0313@example.com,,2023-06-12
U646e10bc,Laura Almeida,52,G004,Brazil,"beach, nature",user0314,user0314@example.com,,2024-02-11
U668c8edd,Maria Santos,36,G003,Angola,"adventure, hiking",user0315,user0315@example.com,,2022-10-07
Ub48a7270,João Neto,41,G004,Spain,"history, art",user0316,user0316@example.com,,2024-07-05
U2ed5ad05,Laura Almeida,39,G002,Spain,"history, art",user0317,user0317@example.com,,2023-01-12
U920755bf,Sofia Pinto,35,G001,Spain,"beach, nature",user0318,user0318@example.com,,2023-03-17
U80b3a644,Tiago Martins,29,G003,Brazil,"beach, nature",user0319,user0319@example.com,,2022-03-23
U77b2537e,Pedro Rocha,60,G003,Brazil,"history, art",user0320,user0320@example.com,,2023-09-10
U06e4ce21,Laura Almeida,28,G004,Brazil,"history, art",user0321,user0321@example.com,,2022-02-13
U98ad3326,Pedro Rocha,57,G004,Brazil,"beach, nature",user0322,user0322@example.com,,2022-03-18
Ud8d76133,Laura Almeida,41,G002,Angola,"culture, gastronomy",user0323,user0323@example.com,,2024-05-19
Udf1e00d4,Tiago Martins,61,G004,Angola,"culture, gastronomy",user0324,user0324@example.com,,2022-03-10
Ub08504f0,Maria Santos,59,G003,Brazil,"history, art",user0325,user0325@example.com,,2024-08-30
U59dec042,Tiago Martins,20,G002,Spain,"adventure, hiking",user0326,user0326@example.com,,2023-01-16
U4e50473e,Ricardo Lopes,22,G002,Namibia,"adventure, hiking",user0327,user0327@example.com,,2023-02-12
U48a70c29,Pedro Rocha,59,G003,Portugal,"beach, nature",user0328,user0328@example.com,,2022-01-27
U39995463,Carlos Mendes,49,G004,Namibia,"beach, nature",user0329,user0329@example.com,,2022-09-26
U2c6df721,Inês Costa,63,G004,Portugal,"wildlife, photography",user0330,user0330@example.com,,2022-10-20
U2268fe1e,Ricardo Lopes,30,G001,Portugal,"beach, nature",user0331,user0331@example.com,,2023-04-08
U7723c76a,Carlos Mendes,63,G004,Angola,"adventure, hiking",user0332,user0332@example.com,,2023-11-15
U8a1f2e59,Pedro Rocha,63,G001,Namibia,"wildlife, photography",user0333,user0333@example.com,,2022-10-25
U5a12da42,Inês Costa,28,G002,Brazil,"wildlife, photography",user0334,user0334@example.com,,2022-08-18
Ud78fdf34,João Neto,30,G002,Portugal,"history, art",user0335,user0335@example.com,,2022-01-27
Ue7cacec0,Pedro Rocha,53,G003,Spain,"wildlife, photography",user0336,user0336@example.com,,2022-05-13
U2a7f02e4,Tiago Martins,23,G001,Brazil,"history, art",user0337,user0337@example.com,,2024-01-05
Ud8c30cd4,Ricardo Lopes,51,G004,Spain,"wildlife, photography",user0338,user0338@example.com,,2022-03-17
Uf553fa09,Carlos Mendes,38,G001,Spain,"history, art",user0339,user0339@example.com,,2023-11-28
Uc8f5227f,Sofia Pinto,40,G002,Namibia,"wildlife, photography",user0340,user0340@example.com,,2022-07-06
Ub037a19c,Carlos Mendes,45,G001,Angola,"wildlife, photography",user0341,user0341@example.com,,2022-06-06
U20bdfc6f,Inês Costa,28,G002,Brazil,"culture, gastronomy",user0342,user0342@example.com,,2022-12-21
U903aa058,Sofia Pinto,36,G001,Brazil,"culture, gastronomy",user0343,user0343@example.com,,2023-10-13
Uba5db877,Sofia Pinto,35,G002,Brazil,"wildlife, photography",user0344,user0344@example.com,,2023-07-01
Ub6d2b38f,João Neto,50,G002,Namibia,"wildlife, photography",user0345,user0345@example.com,,2022-06-07
U0542e556,Carlos Mendes,60,G003,Namibia,"beach, nature",user0346,user0346@example.com,,2024-04-25
Ua657cb50,Ana Silva,23,G001,Namibia,"adventure, hiking",user0347,user0347@example.com,,2023-10-29
U38578324,Maria Santos,54,G004,Namibia,"beach, nature",user0348,user0348@example.com,,2023-05-25
Uefceb2da,Sofia Pinto,36,G003,Spain,"culture, gastronomy",user0349,user0349@example.com,,2024-04-04
U9daafade,Laura Almeida,37,G004,Angola,"beach, nature",user0350,user0350@example.com,,2022-06-11
U5f8b3c1f,Ricardo Lopes,44,G004,Spain,"culture, gastronomy",user0351,user0351@example.com,,2022-12-15
U602e5341,Tiago Martins,27,G003,Brazil,"adventure, hiking",user0352,user0352@example.com,,2024-09-25
Ua80fc15e,Laura Almeida,26,G003,Namibia,"wildlife, photography",user0353,user0353@example.com,,2022-04-19
U3a3336df,Pedro Rocha,33,G004,Angola,"adventure, hiking",user0354,user0354@example.com,,2023-04-06
Ub4975c90,Maria Santos,27,G001,Angola,"adventure, hiking",user0355,user0355@example.com,,2024-08-26
U4cf9a4b6,Laura Almeida,57,G004,Portugal,"culture, gastronomy",user0356,user0356@example.com,,2024-04-13
U7bfc2dd3,Pedro Rocha,54,G003,Portugal,"culture, gastronomy",user0357,user0357@example.com,,2023-05-26
Uebbbf143,Sofia Pinto,47,G004,Brazil,"history, art",user0358,user0358@example.com,,2022-01-24
U87fc3836,João Neto,43,G004,Portugal,"culture, gastronomy",user0359,user0359@example.com,,2023-08-21
U0b4d2634,Pedro Rocha,21,G001,Brazil,"history, art",user0360,user0360@example.com,,2023-09-04
U2a6ff695,Ricardo Lopes,36,G001,Angola,"history, art",user0361,user0361@example.com,,2022-05-18
U9610ce9e,Inês Costa,64,G003,Spain,"adventure, hiking",user0362,user0362@example.com,,2022-02-16
U510ed917,Laura Almeida,21,G002,Brazil,"wildlife, photography",user0363,user0363@example.com,,2022-10-23
U3573d758,João Neto,42,G004,Namibia,"adventure, hiking",user0364,user0364@example.com,,2024-04-25
Ufc496ce7,Tiago Martins,61,G001,Portugal,"beach, nature",user0365,user0365@example.com,,2023-02-08
U43f23a42,Pedro Rocha,39,G003,Portugal,"culture, gastronomy",user0366,user0366@example.com,,2023-09-09
U02360f09,Sofia Pinto,43,G001,Angola,"beach, nature",user0367,user0367@example.com,,2022-05-21
Uf7440b99,Pedro Rocha,48,G004,Portugal,"wildlife, photography",user0368,user0368@example.com,,2024-07-03
Ueefacd6f,Sofia Pinto,26,G003,Namibia,"adventure, hiking",user0369,user0369@example.com,,2022-06-16
U9a644292,Laura Almeida,57,G003,Namibia,"adventure, hiking",user0370,user0370@example.com,,2023-06-04
Udef1ca49,Sofia Pinto,52,G004,Namibia,"adventure, hiking",user0371,user0371@example.com,,2023-05-02
U24bd1a03,Ana Silva,41,G003,Angola,"history, art",user0372,user0372@example.com,,2023-08-21
U7f08c203,Inês Costa,64,G001,Namibia,"history, art",user0373,user0373@example.com,,2022-09-29
U30323e84,Tiago Martins,54,G002,Angola,"wildlife, photography",user0374,user0374@example.com,,2023-05-07
U8f8a6318,Carlos Mendes,51,G004,Portugal,"culture, gastronomy",user0375,user0375@example.com,,2022-02-02
U7fcfb85f,Tiago Martins,62,G001,Portugal,"beach, nature",user0376,user0376@example.com,,2023-03-28
U8354a5af,Pedro Rocha,44,G002,Spain,"culture, gastronomy",user0377,user0377@example.com,,2023-02-25
U21d1acc4,Sofia Pinto,57,G004,Angola,"culture, gastronomy",user0378,user0378@example.com,,2023-06-16
Ucf78d2fc,Maria Santos,53,G003,Spain,"wildlife, photography",user0379,user0379@example.com,,2023-01-21
Ua03273e0,Pedro Rocha,29,G004,Namibia,"adventure, hiking",user0380,user0380@example.com,,2023-07-14
U3fe68642,Pedro Rocha,61,G003,Namibia,"history, art",user0381,user0381@example.com,,2022-07-16
Uc0569050,Maria Santos,35,G003,Portugal,"adventure, hiking",user0382,user0382@example.com,,2024-02-29
Uc0c94625,Inês Costa,63,G002,Spain,"adventure, hiking",user0383,user0383@example.com,,2023-05-07
U14b39279,Pedro Rocha,53,G003,Brazil,"beach, nature",user0384,user0384@example.com,,2023-08-11
U951d3210,Sofia Pinto,42,G004,Brazil,"culture, gastronomy",user0385,user0385@example.com,,2022-10-25
Uc77a9ef2,Ana Silva,36,G001,Brazil,"history, art",user0386,user0386@example.com,,2023-11-03
Ucb846cfe,Inês Costa,65,G004,Portugal,"culture, gastronomy",user0387,user0387@example.com,,2024-04-27
Ub8aa1067,Sofia Pinto,35,G003,Portugal,"beach, nature",user0388,user0388@example.com,,2023-09-23
U000ee273,Tiago Martins,33,G002,Angola,"wildlife, photography",user0389,user0389@example.com,,2022-08-20
U597f142e,Maria Santos,21,G001,Spain,"adventure, hiking",user0390,user0390@example.com,,2024-01-05
U88ff589f,Ricardo Lopes,24,G002,Angola,"wildlife, photography",user0391,user0391@example.com,,2024-08-09
U1626077d,Carlos Mendes,44,G004,Spain,"culture, gastronomy",user0392,user0392@example.com,,2024-02-14
Ue7f56099,Inês Costa,38,G003,Angola,"beach, nature",user0393,user0393@example.com,,2023-10-30
U949c3f7a,Tiago Martins,32,G001,Portugal,"history, art",user0394,user0394@example.com,,2024-06-22
Ud0c650ee,Carlos Mendes,20,G004,Spain,"culture, gastronomy",user0395,user0395@example.com,,2024-08-17
Ua6aa420e,Inês Costa,20,G001,Brazil,"wildlife, photography",user0396,user0396@example.com,,2023-09-10
U479637c8,João Neto,39,G003,Spain,"wildlife, photography",user0397,user0397@example.com,,2023-06-21
U7bcd4930,Ricardo Lopes,26,G004,Brazil,"culture, gastronomy",user0398,user0398@example.com,,2024-04-08
U3df7f2ad,João Neto,39,G002,Spain,"adventure, hiking",user0399,user0399@example.com,,2024-01-06
Udec9de65,Carlos Mendes,18,G003,Brazil,"wildlife, photography",user0400,user0400@example.com,,2023-11-22
U0f2ab2a0,Maria Santos,29,G004,Spain,"wildlife, photography",user0401,user0401@example.com,,2022-12-02
U450f981e,João Neto,43,G001,Portugal,"culture, gastronomy",user0402,user0402@example.com,,2023-05-04
Ua6f53cf2,Pedro Rocha,33,G001,Brazil,"history, art",user0403,user0403@example.com,,2022-08-30
U33796ebb,Ricardo Lopes,35,G003,Brazil,"wildlife, photography",user0404,user0404@example.com,,2024-01-11
U39fe0e08,Tiago Martins,18,G003,Brazil,"culture, gastronomy",user0405,user0405@example.com,,2022-03-05
U25d8dfba,João Neto,47,G003,Portugal,"history, art",user0406,user0406@example.com,,2023-12-04
U44cf955e,Sofia Pinto,63,G003,Angola,"adventure, hiking",user0407,user0407@example.com,,2023-01-12
U89d8e7c8,Tiago Martins,32,G002,Portugal,"history, art",user0408,user0408@example.com,,2022-06-06
U81df3e38,Ricardo Lopes,65,G003,Spain,"wildlife, photography",user0409,user0409@example.com,,2024-07-23
U54914d48,Ricardo Lopes,52,G002,Portugal,"wildlife, photography",user0410,user0410@example.com,,2024-06-13
U8c0b1057,João Neto,51,G004,Namibia,"adventure, hiking",user0411,user0411@example.com,,2022-03-21
U0db58acf,Tiago Martins,25,G001,Namibia,"wildlife, photography",user0412,user0412@example.com,,2022-07-27
U675505e0,Tiago Martins,52,G002,Portugal,"adventure, hiking",user0413,user0413@example.com,,2024-05-24
Ubf326bc2,Sofia Pinto,46,G001,Portugal,"wildlife, photography",user0414,user0414@example.com,,2023-05-16
U44942e18,João Neto,50,G004,Angola,"history, art",user0415,user0415@example.com,,2022-05-16
Uef3c45c8,Sofia Pinto,44,G004,Namibia,"beach, nature",user0416,user0416@example.com,,2023-07-27
Ud98748b9,Ricardo Lopes,61,G003,Angola,"history, art",user0417,user0417@example.com,,2022-09-18
U50fe7636,Ana Silva,65,G002,Namibia,"beach, nature",user0418,user0418@example.com,,2022-02-16
Uac547c0f,Laura Almeida,40,G001,Namibia,"beach, nature",user0419,user0419@example.com,,2024-08-15
U522dea06,João Neto,48,G001,Brazil,"history, art",user0420,user0420@example.com,,2022-07-04
U3b967ad6,Carlos Mendes,59,G004,Brazil,"history, art",user0421,user0421@example.com,,2023-04-05
Uba9da8b2,Laura Almeida,42,G001,Namibia,"culture, gastronomy",user0422,user0422@example.com,,2023-11-01
U040e9863,Pedro Rocha,25,G002,Namibia,"history, art",user0423,user0423@example.com,,2023-06-26
U37f94a49,Carlos Mendes,64,G002,Angola,"beach, nature",user0424,user0424@example.com,,2022-11-02
Ubce70d78,Ricardo Lopes,61,G004,Namibia,"history, art",user0425,user0425@example.com,,2024-04-23
Uacefc17f,Maria Santos,33,G004,Brazil,"culture, gastronomy",user0426,user0426@example.com,,2022-10-10
U7174f42d,Maria Santos,64,G001,Angola,"history, art",user0427,user0427@example.com,,2023-09-22
Uee4f16b7,Ana Silva,33,G002,Angola,"beach, nature",user0428,user0428@example.com,,2023-09-01
Uf30ab11d,Ana Silva,46,G001,Portugal,"beach, nature",user0429,user0429@example.com,,2023-02-16
Uaa225656,Ricardo Lopes,32,G002,Angola,"culture, gastronomy",user0430,user0430@example.com,,2023-05-31
Ubd3bba31,Inês Costa,32,G003,Namibia,"wildlife, photography",user0431,user0431@example.com,,2024-03-02
U602cb7fd,Pedro Rocha,33,G003,Portugal,"wildlife, photography",user0432,user0432@example.com,,2022-08-15
Uee66596c,Laura Almeida,37,G003,Angola,"wildlife, photography",user0433,user0433@example.com,,2024-08-29
U96b2d15b,Tiago Martins,65,G002,Spain,"wildlife, photography",user0434,user0434@example.com,,2023-05-23
Uba0f8112,Ana Silva,40,G004,Namibia,"adventure, hiking",user0435,user0435@example.com,,2023-12-15
Udd2a750c,Laura Almeida,44,G002,Brazil,"history, art",user0436,user0436@example.com,,2022-07-08
U6dc7e9d9,Sofia Pinto,48,G002,Portugal,"adventure, hiking",user0437,user0437@example.com,,2024-05-28
U7b524a54,Carlos Mendes,47,G001,Namibia,"history, art",user0438,user0438@example.com,,2024-09-18
Uaab5e3cd,Laura Almeida,53,G002,Spain,"culture, gastronomy",user0439,user0439@example.com,,2022-09-19
Ucbeb5ab7,Maria Santos,39,G001,Spain,"adventure, hiking",user0440,user0440@example.com,,2022-04-05
Ud3f37f0f,Sofia Pinto,64,G002,Angola,"adventure, hiking",user0441,user0441@example.com,,2023-01-22
Ua984e6aa,Tiago Martins,56,G001,Angola,"culture, gastronomy",user0442,user0442@example.com,,2024-04-03
Ua4001f93,Tiago Martins,64,G002,Spain,"culture, gastronomy",user0443,user0443@example.com,,2024-06-09
U33d9b278,Pedro Rocha,37,G001,Portugal,"culture, gastronomy",user0444,user0444@example.com,,2024-09-12
Uc219b476,João Neto,65,G004,Portugal,"wildlife, photography",user0445,user0445@example.com,,2023-12-22
U1b41827f,Maria Santos,43,G002,Namibia,"adventure, hiking",user0446,user0446@example.com,,2024-03-05
U15ee66ca,Inês Costa,42,G004,Namibia,"adventure, hiking",user0447,user0447@example.com,,2022-11-12
U48289f69,Inês Costa,41,G004,Spain,"beach, nature",user0448,user0448@example.com,,2024-04-02
U2b9dda00,Ricardo Lopes,38,G002,Brazil,"adventure, hiking",user0449,user0449@example.com,,2023-02-28
U2a5bae0a,Ana Silva,54,G002,Portugal,"beach, nature",user0450,user0450@example.com,,2022-09-25
U09aa425e,Sofia Pinto,55,G004,Brazil,"culture, gastronomy",user0451,user0451@example.com,,2022-07-20
U6c9ace8a,Pedro Rocha,32,G004,Namibia,"culture, gastronomy",user0452,user0452@example.com,,2023-05-27
U91da6ea1,Sofia Pinto,59,G003,Brazil,"history, art",user0453,user0453@example.com,,2024-09-16
Uc7dc3f27,Ricardo Lopes,47,G002,Brazil,"culture, gastronomy",user0454,user0454@example.com,,2022-05-24
Uc53b80be,Sofia Pinto,49,G002,Namibia,"beach, nature",user0455,user0455@example.com,,2023-06-21
U0391faa2,Ana Silva,22,G001,Angola,"history, art",user0456,user0456@example.com,,2022-05-21
Uea144547,Maria Santos,22,G002,Angola,"culture, gastronomy",user0457,user0457@example.com,,2023-06-02
Ua72dd266,Ricardo Lopes,41,G001,Namibia,"wildlife, photography",user0458,user0458@example.com,,2024-07-23
U851eb44b,Ricardo Lopes,60,G004,Angola,"beach, nature",user0459,user0459@example.com,,2023-06-29
U28f39f3c,Sofia Pinto,44,G001,Angola,"wildlife, photography",user0460,user0460@example.com,,2024-01-10
U1092c3e9,Inês Costa,52,G003,Angola,"wildlife, photography",user0461,user0461@example.com,,2024-04-12
Ua2adc776,Laura Almeida,29,G001,Angola,"wildlife, photography",user0462,user0462@example.com,,2022-06-02
Uc31d4eba,Maria Santos,30,G003,Brazil,"adventure, hiking",user0463,user0463@example.com,,2024-03-25
U12c7f385,Laura Almeida,23,G003,Spain,"history, art",user0464,user0464@example.com,,2023-08-02
U3f1941f5,Maria Santos,62,G002,Brazil,"beach, nature",user0465,user0465@example.com,,2023-11-01
U4afdd4f4,Ana Silva,23,G004,Spain,"history, art",user0466,user0466@example.com,,2023-07-20
Ue9292787,Ricardo Lopes,21,G001,Portugal,"beach, nature",user0467,user0467@example.com,,2023-05-27
U3d6f4149,Laura Almeida,59,G003,Namibia,"beach, nature",user0468,user0468@example.com,,2024-07-05
Ubf6e44c0,Sofia Pinto,20,G002,Portugal,"wildlife, photography",user0469,user0469@example.com,,2023-05-02
U0451cd56,Inês Costa,20,G001,Brazil,"wildlife, photography",user0470,user0470@example.com,,2023-08-01
U019985a4,Ana Silva,29,G003,Angola,"culture, gastronomy",user0471,user0471@example.com,,2023-08-25
U761ee29b,Carlos Mendes,63,G004,Angola,"adventure, hiking",user0472,user0472@example.com,,2022-06-16
Ub2d0fb10,Tiago Martins,33,G004,Namibia,"adventure, hiking",user0473,user0473@example.com,,2023-01-29
Ua0540a2c,Carlos Mendes,62,G001,Namibia,"adventure, hiking",user0474,user0474@example.com,,2022-02-24
U1914ceb0,João Neto,45,G002,Angola,"adventure, hiking",user0475,user0475@example.com,,2023-09-12
Ud74e7d7d,Tiago Martins,56,G004,Brazil,"beach, nature",user0476,user0476@example.com,,2023-10-12
U492c2842,Inês Costa,46,G004,Portugal,"adventure, hiking",user0477,user0477@example.com,,2023-07-21
Ub101df01,Laura Almeida,45,G002,Namibia,"history, art",user0478,user0478@example.com,,2022-03-29
U3762fa11,Tiago Martins,36,G002,Angola,"beach, nature",user0479,user0479@example.com,,2022-10-02
Ub24a3301,Carlos Mendes,42,G002,Spain,"adventure, hiking",user0480,user0480@example.com,,2023-01-05
Uc89367b1,João Neto,23,G001,Brazil,"history, art",user0481,user0481@example.com,,2023-01-04
Ua9ba5324,Inês Costa,24,G002,Angola,"culture, gastronomy",user0482,user0482@example.com,,2023-03-18
U5ed89278,Ricardo Lopes,53,G004,Angola,"beach, nature",user0483,user0483@example.com,,2022-04-02
U3e6d241e,Pedro Rocha,53,G001,Namibia,"wildlife, photography",user0484,user0484@example.com,,2024-03-14
Ubf1c4de2,Pedro Rocha,42,G001,Brazil,"history, art",user0485,user0485@example.com,,2023-02-02
U2eb78f95,João Neto,64,G002,Namibia,"wildlife, photography",user0486,user0486@example.com,,2022-06-23
Ua50aec9f,Laura Almeida,28,G002,Brazil,"adventure, hiking",user0487,user0487@example.com,,2022-10-02
U08527f5a,Ricardo Lopes,27,G001,Portugal,"history, art",user0488,user0488@example.com,,2022-10-10
U7495b84c,Laura Almeida,37,G004,Angola,"adventure, hiking",user0489,user0489@example.com,,2022-09-15
U06f990ac,Maria Santos,64,G004,Namibia,"wildlife, photography",user0490,user0490@example.com,,2022-07-20
U6d33a3bb,Ricardo Lopes,24,G002,Brazil,"beach, nature",user0491,user0491@example.com,,2024-08-29
Uceb61ce6,Laura Almeida,39,G004,Brazil,"history, art",user0492,user0492@example.com,,2022-12-09
Ub794918e,Laura Almeida,59,G002,Brazil,"adventure, hiking",user0493,user0493@example.com,,2023-09-10
U272e85dc,Maria Santos,48,G003,Portugal,"history, art",user0494,user0494@example.com,,2024-09-18
Uae4514f1,Pedro Rocha,36,G004,Namibia,"culture, gastronomy",user0495,user0495@example.com,,2022-11-30
U176aa6e5,Laura Almeida,35,G004,Brazil,"beach, nature",user0496,user0496@example.com,,2024-08-12
U8c43e13f,Tiago Martins,30,G002,Namibia,"beach, nature",user0497,user0497@example.com,,2024-09-02
U0b9cd87e,Ricardo Lopes,63,G002,Spain,"adventure, hiking",user0498,user0498@example.com,,2024-05-01
U45da8d63,João Neto,44,G004,Portugal,"adventure, hiking",user0499,user0499@example.com,,2022-09-05
Ufbf34442,Inês Costa,60,G002,Spain,"history, art",user0500,user0500@example.com,,2022-03-17
